Timestamp,Would you prefer using an iClicker or an app on your phone for in-class participation points?,What is your height in inches?,Are you from Texas?,"What is your home state? (Include 50 states, the District of Columbia, countries and territories). If you were born outside of the US, please answer ""Other""",With which gender do you most identify?,Which best describes your political preference?,"Which best describes your attitude about capital punishment (i.e., the death penalty)?",Do you know how to drive a manual transmission car (stick shift) well enough to feel comfortable driving from Provo to Salt Lake City?,Which is your favorite genre of music?,How many caffeinated beverages do you typically drink in a week?,How much did you spend on textbooks and other required course materials this semester?,In which college is your major?,How many semesters have you completed at BYU or another college/university since graduating from high school?,How many children do you think you will have?,"On a scale of 1 to 10 with 10 being your ideal life, how happy are you right now?",Are you married?,"If married, how long did you date before engagement (in months)?","If married, how long were you engaged before marriage (in months)?","On average, how many hours per day did you spend playing video games over the past 7 days?","On average, how many hours per day did you spend watching TV and movies over the past 7 days (including entertainment streaming services like Netflix and Hulu)?","On average, how many hours per day did you spend on the internet for non-work purposes over the past 7 days (not including video games or TV/movies)?","On average, how many hours per night of sleep did you get over the past 7 days?"
4/30/19 17:54,iClicker,63,No,Other,Female,Democrat (or independent who leans Democrat),Neutral or undecided,No,Pop,2,25,Life Sciences,2,2,8,No,,,0,2,5,6
4/30/19 17:59,App on my hone or laptop,74,No,Missouri,Male,Democrat (or independent who leans Democrat),Opposed to the use of the death penalty,Yes,Rock,2,0,International Studies,6,3,7,Yes,8,10,0,2,1,8
4/30/19 18:40,iClicker,70,Yes,Texas,Male,Republican (or independent who leans Republican),Support the use of the death penalty,No,Country,0,$200 ,Business (Marriott School of Business),1,2,7,No,,,10,15,15,8
4/30/19 18:55,App on my hone or laptop,66,No,Idaho,Female,Republican (or independent who leans Republican),Neutral or undecided,No,Pop,0,117,"Family, Home and Social Sciences",1,7,7,No,,,0,0,2,8
4/30/19 19:01,App on my hone or laptop,63,No,Tennessee,Female,Republican (or independent who leans Republican),Neutral or undecided,No,Rock,2,46,Education,2,3,7,No,,,0,2,2,7
4/30/19 19:53,App on my hone or laptop,74,Yes,Texas,Male,Republican (or independent who leans Republican),Support the use of the death penalty,No,Rock,2,200,Business (Marriott School of Business),3,3,9,Yes,2,10,2,2,2,7
4/30/19 20:36,iClicker,65,No,Utah,Female,Republican (or independent who leans Republican),Support the use of the death penalty,No,Pop,0,80,"Family, Home and Social Sciences",6,4,7,No,,,0,6,2,8
4/30/19 20:37,iClicker,66,No,Kansas,Female,Democrat (or independent who leans Democrat),Neutral or undecided,No,Pop,1,0,Life Sciences,9.5,3,6,Yes,8,4,1,2,1,8
4/30/19 22:02,iClicker,67,No,Arizona,Female,Republican (or independent who leans Republican),Support the use of the death penalty,No,Pop,0,120,"Family, Home and Social Sciences",2,4,8,No,,,1,3,2,9
4/30/19 22:59,iClicker,68,No,Utah,Female,Republican (or independent who leans Republican),Opposed to the use of the death penalty,No,Rap/Hip Hop,0,,Life Sciences,2,5,7,No,,,0,1,5,8
4/30/19 23:35,App on my hone or laptop,65,No,California,Female,Independent (no leanings),Neutral or undecided,No,Pop,2,160,Education,2,4,8,No,,,0,3,4,6
5/1/19 0:32,iClicker,66,No,Utah,Female,Republican (or independent who leans Republican),Neutral or undecided,Yes,Pop,0,180,Business (Marriott School of Business),5,4,7,No,,,0,0,3,8
5/1/19 0:45,iClicker,60,No,Utah,Female,Independent (no leanings),Opposed to the use of the death penalty,No,Pop,0,60,Education,2.5,4,7,No,,,1,3,2,7.5
5/1/19 0:59,iClicker,73,No,Oklahoma,Male,Republican (or independent who leans Republican),Neutral or undecided,No,Classical,0,75.5,Life Sciences,2,3,5,No,,,0.25,0.5,1,7.5
5/1/19 2:38,iClicker,67,Yes,Texas,Female,Independent (no leanings),Support the use of the death penalty,No,Rock,0,0,Life Sciences,7.5,4,5,No,,,0,0.5,1,6
5/1/19 2:47,iClicker,67,No,Idaho,Female,Democrat (or independent who leans Democrat),Neutral or undecided,No,Rap/Hip Hop,0,0,"Family, Home and Social Sciences",5,4,7,No,,,0,5,12,6
5/1/19 4:15,App on my hone or laptop,62,No,Arizona,Female,Other,Neutral or undecided,No,Pop,0,0,Fine Arts and Communications,10,5,6,Yes,0,2,0,5,2,8
5/1/19 4:18,App on my hone or laptop,63,No,Other,Female,Other,Neutral or undecided,,Country,0,200,Physical and Mathematical Sciences,0,3,6,Yes,36,1,0,1,3,8
5/1/19 5:04,App on my hone or laptop,72,No,New Mexico,Male,Republican (or independent who leans Republican),Support the use of the death penalty,No,Electronic/EDM,0,20,Physical and Mathematical Sciences,2,5,10,No,,,0,1,1,7
5/1/19 5:05,iClicker,70,No,Arizona,Male,Republican (or independent who leans Republican),Support the use of the death penalty,No,Rap/Hip Hop,5,70,Life Sciences,5.5,4,7,No,,,0.25,1,1,7
5/1/19 5:37,iClicker,72,No,Virginia,Male,Republican (or independent who leans Republican),Opposed to the use of the death penalty,No,Pop,1,,"Family, Home and Social Sciences",4,3,9,No,,,0,1,3,8
5/1/19 5:39,iClicker,62,No,Oklahoma,Female,Republican (or independent who leans Republican),Neutral or undecided,No,Country,0,20,Life Sciences,2,5,7,No,,,0,1,1,7
5/1/19 14:04,App on my hone or laptop,63,No,Nevada,Female,Republican (or independent who leans Republican),Neutral or undecided,Yes,Pop,0,40,Nursing,3.5,5,2,No,,,0,2,10,7
5/1/19 15:30,App on my hone or laptop,72,No,Utah,Male,Republican (or independent who leans Republican),Opposed to the use of the death penalty,No,Rock,0,0,Physical and Mathematical Sciences,2,5,5,No,,,6,8,20,6
5/1/19 15:47,iClicker,67,No,Other,Female,Republican (or independent who leans Republican),Opposed to the use of the death penalty,No,Jazz,1,0,"Family, Home and Social Sciences",4.5,4,5,No,,,0,10,2,28
5/1/19 16:00,App on my hone or laptop,74,No,Other,Male,Democrat (or independent who leans Democrat),Neutral or undecided,No,Rap/Hip Hop,2,200,"Family, Home and Social Sciences",4.5,3,8,No,,,8,10,20,8
5/1/19 16:12,iClicker,69,No,Michigan,Female,Republican (or independent who leans Republican),Neutral or undecided,Yes,Pop,0,85,Life Sciences,8,3,6,No,,,0,2,1,8
5/1/19 16:13,App on my hone or laptop,72,No,Montana,Male,Republican (or independent who leans Republican),Neutral or undecided,No,Rap/Hip Hop,2,150,Life Sciences,4,5,6,No,,,0,1,2,8
5/1/19 16:14,App on my hone or laptop,63,Yes,Texas,Female,Republican (or independent who leans Republican),Opposed to the use of the death penalty,Yes,Pop,0,0,Life Sciences,4.5,4,8,No,,,0,3,2,8
5/1/19 16:14,App on my hone or laptop,70,No,California,Female,Republican (or independent who leans Republican),Neutral or undecided,Yes,Classical,3,150,Nursing,5.5,5,8,No,,,0.5,3,2,7
5/1/19 16:14,App on my hone or laptop,60,No,Utah,Female,Democrat (or independent who leans Democrat),Neutral or undecided,No,Pop,0,0,Undeclared/Other,2.5,3,8,No,,,0,2,2,6
5/1/19 16:15,iClicker,69,No,California,Female,Republican (or independent who leans Republican),Neutral or undecided,No,Country,6,200,Education,9,5,7,No,,,0,2,3,7
5/1/19 16:15,App on my hone or laptop,70,No,Maryland,Male,Republican (or independent who leans Republican),Support the use of the death penalty,No,Rock,0,25,Undeclared/Other,4.5,3,6,No,,,20,3.5,5,6.5
5/1/19 16:16,iClicker,64,No,Nevada,Female,Republican (or independent who leans Republican),Neutral or undecided,No,Pop,0,14.99,Life Sciences,2,8,8,No,,,0,4,0,8
5/1/19 16:16,App on my hone or laptop,70,No,California,Female,Independent (no leanings),Neutral or undecided,Yes,Rock,0,100,"Family, Home and Social Sciences",8,,7,No,,,0,3,3,6
5/1/19 16:17,App on my hone or laptop,71,No,Utah,Female,Independent (no leanings),Neutral or undecided,No,Rap/Hip Hop,7,200,Nursing,3,5,8,No,,,0,6,7,8
5/1/19 16:18,App on my hone or laptop,70,No,Idaho,Male,Independent (no leanings),Neutral or undecided,No,Rap/Hip Hop,15,75,Life Sciences,8,4,7,Yes,5,4,0.1,1,1,7
5/1/19 16:18,App on my hone or laptop,70,No,California,Female,Independent (no leanings),Opposed to the use of the death penalty,Yes,Rock,0,100,"Family, Home and Social Sciences",8,3,7,No,,,0,3,3,6
5/1/19 16:20,App on my hone or laptop,68,No,Utah,Female,Independent (no leanings),Neutral or undecided,No,Pop,2,20,Fine Arts and Communications,8,4,8,Yes,8,5,1.5,3,1,7
5/1/19 16:21,iClicker,72,Yes,Other,Male,Independent (no leanings),Support the use of the death penalty,No,Pop,0,0,Life Sciences,3.5,4,8,No,,,2,3,1,4
5/1/19 16:23,App on my hone or laptop,74,No,Utah,Male,Republican (or independent who leans Republican),Support the use of the death penalty,Yes,Rock,20,0,Physical and Mathematical Sciences,12,6,6,Yes,6,4,0.5,1,0.5,5
5/1/19 16:24,App on my hone or laptop,67,No,Utah,Female,Independent (no leanings),Neutral or undecided,Yes,Classical,0,0,Fine Arts and Communications,8,6,7,No,,,0,6,4,6
5/1/19 16:25,App on my hone or laptop,61,No,Utah,Female,Republican (or independent who leans Republican),Opposed to the use of the death penalty,No,Pop,0,0,Fine Arts and Communications,2,3,8,No,,,0.75,1,1,8
5/1/19 16:25,App on my hone or laptop,66,No,Arizona,Female,Other,Opposed to the use of the death penalty,No,Rock,7,300,Fine Arts and Communications,8,0,9,No,,,0,4,4,35
5/1/19 16:26,iClicker,68,No,Utah,Male,Republican (or independent who leans Republican),Support the use of the death penalty,Yes,Classical,3,50,Humanities,4,3,8,Yes,24,4,28,10,3,7
5/1/19 16:27,App on my hone or laptop,71,No,California,Male,Republican (or independent who leans Republican),Support the use of the death penalty,Yes,Country,5,0,Business (Marriott School of Business),1.5,5,8,No,,,1,1,1,7
5/1/19 16:27,iClicker,65,No,Utah,Female,Republican (or independent who leans Republican),Opposed to the use of the death penalty,No,Classical,0,0,"Family, Home and Social Sciences",4,4,8,Yes,8,3,0,1,1,7
5/1/19 16:28,App on my hone or laptop,72,No,Utah,Male,Republican (or independent who leans Republican),Opposed to the use of the death penalty,Yes,Country,1,80,Life Sciences,7,4,9,No,,,0,2,1,8
5/1/19 16:30,iClicker,70,Yes,Texas,Male,Republican (or independent who leans Republican),Support the use of the death penalty,No,Country,0,100,Business (Marriott School of Business),2,2,7,No,,,10,15,20,8
5/1/19 16:31,iClicker,70,No,Arizona,Male,Republican (or independent who leans Republican),Support the use of the death penalty,No,Rap/Hip Hop,6,70,Life Sciences,5.5,4,7,No,,,0.5,1,1,7
5/1/19 16:31,App on my hone or laptop,63,No,California,Female,Independent (no leanings),Support the use of the death penalty,No,Pop,2,25,Life Sciences,2,3,6,No,,,0,10,2,7
5/1/19 16:31,iClicker,62,No,Oklahoma,Female,Republican (or independent who leans Republican),Neutral or undecided,No,Country,0,30,Life Sciences,1,5,7,No,,,0,1,1,7
5/1/19 16:31,App on my hone or laptop,72,No,Utah,Male,Republican (or independent who leans Republican),Support the use of the death penalty,No,Pop,0,200,Business (Marriott School of Business),2,5,10,No,,,0,0.5,2,7
5/1/19 16:31,iClicker,63,No,Other,Female,Democrat (or independent who leans Democrat),Support the use of the death penalty,No,Pop,3,25,Life Sciences,2,3,8,No,,,0,3,5,7
5/1/19 16:31,App on my hone or laptop,70,No,Utah,Female,Republican (or independent who leans Republican),Support the use of the death penalty,Yes,Country,0,60,Education,6,6,9,No,,,0,4,3,7
5/1/19 16:31,iClicker,63,No,California,Female,Independent (no leanings),Support the use of the death penalty,No,Rock,4,90,Nursing,4.5,5,9,No,,,2,2,1,7
5/1/19 16:32,App on my hone or laptop,66,No,Washington,Female,Republican (or independent who leans Republican),Neutral or undecided,No,Pop,0,50,Humanities,6,3,8,No,,,0,1,1,6
5/1/19 16:32,iClicker,68,No,Utah,Female,Republican (or independent who leans Republican),Neutral or undecided,No,Pop,1,15,Nursing,4,5,7,No,,,0,2,1,8
5/1/19 16:32,App on my hone or laptop,69,No,Indiana,Female,Republican (or independent who leans Republican),Neutral or undecided,Yes,Pop,0,75,Undeclared/Other,1,6,8,No,,,0,1,0,7
5/1/19 16:32,iClicker,65,No,Utah,Female,Independent (no leanings),Neutral or undecided,No,Rock,1,60,Education,2,4,7,No,,,0,1,2,8
5/1/19 16:32,iClicker,64,No,Utah,Female,Republican (or independent who leans Republican),Opposed to the use of the death penalty,No,Country,0,20,Life Sciences,5,6,,No,,,0,2,2,7
5/1/19 16:32,App on my hone or laptop,67,No,Washington,Female,Republican (or independent who leans Republican),Opposed to the use of the death penalty,Yes,Pop,2,100,Nursing,3,5,7,No,,,0,1,3,6
5/1/19 16:32,App on my hone or laptop,72,No,Utah,Male,Independent (no leanings),Neutral or undecided,Yes,Classical,0,100,Life Sciences,3,3,7,No,,,0.5,0.5,2,7
5/1/19 16:32,iClicker,36,No,Pennsylvania,Female,Independent (no leanings),Opposed to the use of the death penalty,No,Pop,0,40,Undeclared/Other,2,5,7,No,6,,0,1,3,37
5/1/19 16:32,iClicker,76,No,Other,Male,Republican (or independent who leans Republican),Neutral or undecided,Yes,Pop,1,35,Life Sciences,6,7,8,Yes,6,4,1,2,2,6.5
5/1/19 16:32,iClicker,67,No,Utah,Female,Republican (or independent who leans Republican),Support the use of the death penalty,No,Pop,0,190,"Family, Home and Social Sciences",7,4,7,No,,,0,2,5,6
5/1/19 16:32,iClicker,67,No,Michigan,Female,Republican (or independent who leans Republican),Support the use of the death penalty,Yes,Country,1,40,Business (Marriott School of Business),3,3,8,No,,,0,2,2,6
5/1/19 16:32,App on my hone or laptop,66,No,Colorado,Female,Republican (or independent who leans Republican),Neutral or undecided,Yes,Country,1,30,Education,8,4,9,No,,,0,2,1,8
5/1/19 16:32,App on my hone or laptop,72,No,Utah,Male,Republican (or independent who leans Republican),Support the use of the death penalty,No,Pop,0,80,Business (Marriott School of Business),4,7,9,No,,,0,1,1,7
5/1/19 16:32,iClicker,70,No,New Mexico,Male,Republican (or independent who leans Republican),Support the use of the death penalty,Yes,Rock,1,0,Business (Marriott School of Business),5.5,4,6,No,,,0,3,1.5,7.5
5/1/19 16:32,iClicker,66,No,Alaska,Male,Independent (no leanings),Neutral or undecided,Yes,Rock,0,70,Physical and Mathematical Sciences,5,3,8,No,,,0,2,2,7
5/1/19 16:32,App on my hone or laptop,68,No,California,Male,Republican (or independent who leans Republican),Neutral or undecided,No,Rap/Hip Hop,0,0,Business (Marriott School of Business),6,3,9,No,,,0,2,10,7
5/1/19 16:32,App on my hone or laptop,64,Yes,Idaho,Female,Independent (no leanings),Neutral or undecided,No,Jazz,0,15,Undeclared/Other,2.5,4,4,No,,,0,6,2,7
5/1/19 16:32,iClicker,67,No,Utah,Female,Republican (or independent who leans Republican),Neutral or undecided,No,Pop,0,0,"Family, Home and Social Sciences",3,4,9,No,,,0,2,2,7
5/1/19 16:32,App on my hone or laptop,65,No,Connecticut,Female,Independent (no leanings),Neutral or undecided,No,Rock,2,0,Life Sciences,8,4,8,No,,,0,4,1,7.5
5/1/19 16:32,iClicker,71,No,New Jersey,Frog Person ,Republican (or independent who leans Republican),Support the use of the death penalty,No,Jazz,7,50,Business (Marriott School of Business),4,5,7,No,,,0,1,3,7
5/1/19 16:32,App on my hone or laptop,62,No,Colorado,Female,Other,Support the use of the death penalty,No,Rock,1,300,"Family, Home and Social Sciences",2,3,7,No,,,5,5,12,8
5/1/19 16:32,App on my hone or laptop,62,No,Other,Female,Other,Neutral or undecided,No,Country,0,50,Physical and Mathematical Sciences,0,3,6,Yes,36,1,0,2,4,8
5/1/19 16:32,App on my hone or laptop,64,No,Utah,Female,Independent (no leanings),Neutral or undecided,No,Pop,4,0,Nursing,4,4,8,No,,,0,3,3,7
5/1/19 16:32,iClicker,66,No,Utah,Female,Republican (or independent who leans Republican),Neutral or undecided,Yes,Pop,0,150,Business (Marriott School of Business),5,4,6,No,,,0,0,2,7
5/1/19 16:32,App on my hone or laptop,68,No,Kansas,Female,Independent (no leanings),Opposed to the use of the death penalty,No,,0,0,Physical and Mathematical Sciences,3,3,5,No,,,0,7,0,7
5/1/19 16:32,iClicker,67,No,Montana,Female,Republican (or independent who leans Republican),Neutral or undecided,No,Pop,0,150,Life Sciences,2,9,9,No,,,0,0.5,1,8
5/1/19 16:32,App on my hone or laptop,66,No,Utah,Male,Republican (or independent who leans Republican),Support the use of the death penalty,No,Rock,1,100,Life Sciences,2,4,8,No,,,0,2,1,8
5/1/19 16:32,App on my hone or laptop,65,No,Maryland,Female,Democrat (or independent who leans Democrat),Opposed to the use of the death penalty,No,Pop,0,200,Fine Arts and Communications,6,2,7,No,,,2,6,10,7
5/1/19 16:32,App on my hone or laptop,70,No,Colorado,Female,Democrat (or independent who leans Democrat),Opposed to the use of the death penalty,No,Pop,0,150,"Family, Home and Social Sciences",3,3,10,Yes,6,4,0,0.5,1,8
5/1/19 16:32,App on my hone or laptop,69,No,California,Female,Democrat (or independent who leans Democrat),Opposed to the use of the death penalty,No,Rap/Hip Hop,0,100,Life Sciences,2,4,7,No,,,0,2,4,6
5/1/19 16:32,iClicker,68,No,Utah,Male,Independent (no leanings),Support the use of the death penalty,No,Rock,3,21,Fine Arts and Communications,6.5,4,7,Yes,6,4,0,1,1,7
5/1/19 16:32,App on my hone or laptop,67,No,Utah,Female,Other,Opposed to the use of the death penalty,Yes,Country,0,120,Fine Arts and Communications,7,6,10,Yes,12,4,,1,1,5
5/1/19 16:32,App on my hone or laptop,66,No,Utah,Female,Republican (or independent who leans Republican),Neutral or undecided,No,Jazz,0,120,Education,9,8,9,Yes,6,4,0,15,4,8
5/1/19 16:33,App on my hone or laptop,71,No,Utah,Male,Republican (or independent who leans Republican),Neutral or undecided,No,Pop,0,0,Business (Marriott School of Business),8,4,4,No,,,0,0,3,8
5/1/19 16:33,iClicker,66,No,California,Female,Democrat (or independent who leans Democrat),Neutral or undecided,No,Rap/Hip Hop,7,200,Life Sciences,9,4,9,No,,,0,5,4,6
5/1/19 16:33,iClicker,,No,,Female,Independent (no leanings),Opposed to the use of the death penalty,No,Rap/Hip Hop,4,300,Humanities,4,3,6,No,,,0,2,4,7
5/1/19 16:33,App on my hone or laptop,74,Yes,Utah,Male,Republican (or independent who leans Republican),Neutral or undecided,No,Rock,0,300,Business (Marriott School of Business),4,5,8,No,,,0,0.5,1,8
5/1/19 16:33,App on my hone or laptop,64,No,New Mexico,Female,Democrat (or independent who leans Democrat),Neutral or undecided,Yes,Country,2,30,Fine Arts and Communications,5,4,7,No,,,0,1,2,7
5/1/19 16:33,iClicker,69,No,Colorado,Female,Republican (or independent who leans Republican),Neutral or undecided,No,Pop,1,65,Humanities,7,4,7,Yes,6,3,0,1.5,4,7
5/1/19 16:33,App on my hone or laptop,,No,Nevada,Female,Independent (no leanings),Opposed to the use of the death penalty,Yes,Pop,5,0,Physical and Mathematical Sciences,2,5,9,No,,,0,4,14,4
5/1/19 16:33,App on my hone or laptop,66,No,Other,Female,Democrat (or independent who leans Democrat),Opposed to the use of the death penalty,Yes,Rock,5,150,Fine Arts and Communications,7,4,8,Yes,2,11,0,3,5,8
5/1/19 16:33,iClicker,66,No,Utah,Female,Democrat (or independent who leans Democrat),Opposed to the use of the death penalty,Yes,Country,1,55,Nursing,6,8,7,Yes,4,3,0,0.5,1,8
5/1/19 16:33,iClicker,69,Yes,Texas,Male,Republican (or independent who leans Republican),Support the use of the death penalty,Yes,Jazz,1,100,Fine Arts and Communications,2,3,8,No,,,0,2,2,8
5/1/19 16:33,iClicker,66,No,California,Female,Republican (or independent who leans Republican),Opposed to the use of the death penalty,No,Country,0,200,"Family, Home and Social Sciences",5,7,10,No,,,0,0.5,4,7
5/1/19 16:33,App on my hone or laptop,72,No,Georgia,Male,Other,Neutral or undecided,No,Rap/Hip Hop,0,0,"Family, Home and Social Sciences",3,4,8,Yes,6,3,0,2,1,6
5/1/19 16:33,App on my hone or laptop,63,No,Pennsylvania,Female,Democrat (or independent who leans Democrat),Neutral or undecided,No,Electronic/EDM,2,250,"Family, Home and Social Sciences",6,0,8,No,,,1,3,2,7
5/1/19 16:33,App on my hone or laptop,74,No,California,Female,Republican (or independent who leans Republican),Opposed to the use of the death penalty,No,Pop,0,6,Life Sciences,2,5,8,No,,,0,0.5,1.5,6
5/1/19 16:33,iClicker,74,Yes,Texas,Male,Republican (or independent who leans Republican),Opposed to the use of the death penalty,No,Electronic/EDM,0,46,Life Sciences,4,6,8,No,,,5,2,5,7
5/1/19 16:33,App on my hone or laptop,60,No,Tennessee,Female,Democrat (or independent who leans Democrat),Opposed to the use of the death penalty,No,Jazz,0,25,Undeclared/Other,9,4,7,No,,,0,0,3,7
5/1/19 16:33,iClicker,63,No,Arizona,Female,Republican (or independent who leans Republican),Neutral or undecided,No,Pop,0,90,Nursing,2,4,10,No,,,0,2,1,6.5
5/1/19 16:33,iClicker,,No,Hawaii,Female,Independent (no leanings),Neutral or undecided,No,Rock,0,25,Fine Arts and Communications,4,4,7,No,,,0,2,2,7
5/1/19 16:33,App on my hone or laptop,64,No,Other,Female,Independent (no leanings),Neutral or undecided,No,Pop,0,200,Life Sciences,2.5,4,8,No,,,0,1,0.5,8
5/1/19 16:33,App on my hone or laptop,72,Yes,Texas,Male,Republican (or independent who leans Republican),Support the use of the death penalty,Yes,Rock,2,50,Physical and Mathematical Sciences,6.5,4,7,No,,,3,1,1,7
5/1/19 16:33,iClicker,66,No,Washington,Female,Democrat (or independent who leans Democrat),Opposed to the use of the death penalty,Yes,Rock,0,162.99,Nursing,6,5,8,No,,,0,0.25,3,8
5/1/19 16:33,App on my hone or laptop,69,No,California,Female,Democrat (or independent who leans Democrat),Opposed to the use of the death penalty,No,Rap/Hip Hop,0,100,Life Sciences,2,4,7,No,,,0,2,4,6
5/1/19 16:33,iClicker,71,No,Idaho,Male,Republican (or independent who leans Republican),Support the use of the death penalty,Yes,Country,1,180,Life Sciences,8,4,7,Yes,9,4,0,1,1,6
5/1/19 16:33,iClicker,71,No,Massachusetts,Male,Republican (or independent who leans Republican),Neutral or undecided,Yes,Jazz,0,20,"Family, Home and Social Sciences",2.5,7,7,No,,,0,1.5,1.5,5.5
5/1/19 16:33,iClicker,65,No,Utah,Female,Democrat (or independent who leans Democrat),Neutral or undecided,No,Pop,0,25,Fine Arts and Communications,10,2,7,No,,,0,3,3,6
5/1/19 16:33,iClicker,73,No,Idaho,Male,Republican (or independent who leans Republican),Neutral or undecided,No,Rock,0,0,Humanities,6,4,7,Yes,11,2,1,2,2,7
5/1/19 16:33,App on my hone or laptop,72,No,Utah,Male,Independent (no leanings),Neutral or undecided,No,Rock,2,0,"Family, Home and Social Sciences",6,5,7,No,,,2,8,3,7
5/1/19 16:33,iClicker,63,No,Colorado,Female,Republican (or independent who leans Republican),Opposed to the use of the death penalty,Yes,Rock,0,60,Life Sciences,6,2,8,No,,,0,2,2,8
5/1/19 16:33,App on my hone or laptop,65,No,Wisconsin,Female,Republican (or independent who leans Republican),Opposed to the use of the death penalty,No,Pop,0,60,"Family, Home and Social Sciences",0,5,9,No,,,0,3,10,38
5/1/19 16:33,iClicker,,No,Washington,Male,Republican (or independent who leans Republican),Neutral or undecided,Yes,Pop,0,0,Life Sciences,6,4,8,Yes,3,3,0,2,2,7
5/1/19 16:33,iClicker,69,No,Utah,Female,Republican (or independent who leans Republican),Neutral or undecided,No,Pop,0,20,Business (Marriott School of Business),6,4,9,No,,,0,7,5,8
5/1/19 16:33,App on my hone or laptop,68,No,Utah,Female,Republican (or independent who leans Republican),Neutral or undecided,Yes,Rap/Hip Hop,0,0,International Studies,4,3,8,No,,,0,20,15,52
5/1/19 16:33,App on my hone or laptop,66,No,Utah,Female,Independent (no leanings),Neutral or undecided,No,Rock,3,300,Fine Arts and Communications,9.5,4,7,No,,,0.5,4,4,5
5/1/19 16:33,iClicker,60,Yes,Texas,Female,Independent (no leanings),Neutral or undecided,No,Pop,0,14.5,Life Sciences,5,2,7,No,,,0,1,0.1,6
5/1/19 16:33,App on my hone or laptop,69,No,Virginia,Male,Independent (no leanings),Neutral or undecided,No,Classical,1,50,Physical and Mathematical Sciences,7,0,8,No,,,3,0,7,10
5/1/19 16:34,App on my hone or laptop,66,No,Florida,Male,Other,Support the use of the death penalty,No,Jazz,7,400,"Family, Home and Social Sciences",6,1,4,No,18,,0,24,48,0
5/1/19 16:34,App on my hone or laptop,70,No,California,Female,Republican (or independent who leans Republican),Opposed to the use of the death penalty,No,Rock,0,0,Life Sciences,6.5,4,5,Yes,6,4,0,3,3,8
5/1/19 16:34,iClicker,66,No,Utah,Female,Independent (no leanings),Support the use of the death penalty,No,Country,0,50,"Family, Home and Social Sciences",7,5,8,No,,,0,2,1,7
5/1/19 16:34,iClicker,67,No,Virginia,Female,Independent (no leanings),Support the use of the death penalty,No,Rock,2,0,Fine Arts and Communications,3,3,7,No,,,0,12,12,49
5/1/19 16:34,iClicker,64,No,Arizona,Female,Republican (or independent who leans Republican),Neutral or undecided,No,Country,0,105,Physical and Mathematical Sciences,2.5,3,8,No,,,0,7,2,5
5/1/19 16:34,iClicker,66,No,Utah,Female,Independent (no leanings),Neutral or undecided,No,Country,0,97,"Family, Home and Social Sciences",5,5,8,No,,,0.25,6.5,7,7
5/1/19 16:34,iClicker,62,No,Arizona,Female,Republican (or independent who leans Republican),Support the use of the death penalty,No,Jazz,0,50,Education,2,4,9,No,,,0,4,5,7
5/1/19 16:34,iClicker,68,No,Utah,Male,Independent (no leanings),Support the use of the death penalty,Yes,Classical,0,125,Physical and Mathematical Sciences,6,5,9,Yes,18,18,0,6,9,7
5/1/19 16:34,App on my hone or laptop,71,No,Arizona,Male,Republican (or independent who leans Republican),Neutral or undecided,No,Country,0,60,Life Sciences,3,4,8,No,,,0,10,8,7
5/1/19 16:34,App on my hone or laptop,63,No,Utah,Female,Republican (or independent who leans Republican),Support the use of the death penalty,No,Pop,1,100,Business (Marriott School of Business),9,4,9,No,,,0,10,10,7
5/1/19 16:35,App on my hone or laptop,67,No,Nevada,Female,Republican (or independent who leans Republican),Neutral or undecided,No,Pop,1,200,"Family, Home and Social Sciences",2,4,10,No,,,0,0,3,7
5/1/19 16:36,App on my hone or laptop,,No,Ohio,Female,,Support the use of the death penalty,No,Pop,5,133,Fine Arts and Communications,5,5,7,No,,,0,2,5,7
5/1/19 16:41,iClicker,75,No,California,Male,Republican (or independent who leans Republican),Neutral or undecided,Yes,Rap/Hip Hop,0,0,Business (Marriott School of Business),10,4,8,No,,,0,1,1,5
5/1/19 16:45,iClicker,74,No,Florida,Male,Republican (or independent who leans Republican),Support the use of the death penalty,Yes,Rap/Hip Hop,0,200,Business (Marriott School of Business),3,3,7,No,,,0,0,1,8
5/1/19 16:59,App on my hone or laptop,75,No,Utah,Apache Helicopter,Republican (or independent who leans Republican),Support the use of the death penalty,Yes,Electronic/EDM,7,50,Business (Marriott School of Business),6,6,8,No,,,12,2,0.5,7
5/1/19 17:02,iClicker,73,No,Iowa,Male,Republican (or independent who leans Republican),Neutral or undecided,Yes,Rap/Hip Hop,6,250,Engineering,8,3,9,Yes,11,3,1,2,2,7
5/1/19 17:02,App on my hone or laptop,75,No,Utah,Male,Republican (or independent who leans Republican),Neutral or undecided,Yes,Electronic/EDM,1,70,Business (Marriott School of Business),2,6,8,No,,,0,4,4,6.5
5/1/19 17:02,iClicker,67,No,Utah,Female,Republican (or independent who leans Republican),Support the use of the death penalty,No,Pop,0,45,Education,7,4,8,No,,,0,,,7
5/1/19 17:12,App on my hone or laptop,68,No,Utah,Female,Republican (or independent who leans Republican),Support the use of the death penalty,No,Jazz,0,180,Fine Arts and Communications,8,0,7,No,,,0,4,3,8
5/1/19 17:13,App on my hone or laptop,65,No,Alabama,Female,Republican (or independent who leans Republican),Neutral or undecided,No,Pop,0,100,Education,2,4,9,No,,,0,5,1.5,7
5/1/19 17:16,iClicker,65,No,Utah,Female,Republican (or independent who leans Republican),Opposed to the use of the death penalty,No,Classical,0,0,"Family, Home and Social Sciences",4,4,8,Yes,8,3,0,1,1,7
5/1/19 17:17,App on my hone or laptop,60,No,Utah,Female,Republican (or independent who leans Republican),Opposed to the use of the death penalty,No,Pop,0,0,Physical and Mathematical Sciences,5.5,4,7,No,,,0,0,0,6
5/1/19 17:39,iClicker,63,No,Utah,Female,Republican (or independent who leans Republican),Neutral or undecided,No,Rock,0,70,"Family, Home and Social Sciences",4,4,9,No,,,0,3,10,10
5/1/19 17:47,iClicker,60,No,Washington,Female,Republican (or independent who leans Republican),Support the use of the death penalty,No,Rock,5,50,Life Sciences,5,5,4,No,,,0,2,2,5
5/1/19 18:07,App on my hone or laptop,68,No,North Carolina,Female,Independent (no leanings),Support the use of the death penalty,No,Rock,1,100,Life Sciences,8.5,4,6,No,,,0.5,0,3,8
5/1/19 18:26,App on my hone or laptop,72,No,Utah,Male,Democrat (or independent who leans Democrat),Support the use of the death penalty,Yes,Rap/Hip Hop,12,140,"Family, Home and Social Sciences",9,0,9,Yes,5,3,0.5,0.5,0.5,6
5/1/19 18:26,App on my hone or laptop,73,No,Colorado,Male,Democrat (or independent who leans Democrat),Neutral or undecided,Yes,Rock,14,,Fine Arts and Communications,8,1,5,Yes,1,3,0,1,0,9
5/1/19 19:10,iClicker,66,No,Other,Male,Independent (no leanings),Neutral or undecided,No,Pop,3,30,Engineering,6,4,8,Yes,4,1,0,4,6,7
5/1/19 19:12,iClicker,67,No,Utah,Female,Independent (no leanings),Neutral or undecided,No,Pop,0,25,Nursing,2,4,7,No,,,0,5,1,7
5/1/19 19:42,App on my hone or laptop,62,No,Maryland,Female,Other,Neutral or undecided,No,Rock,0,,"Family, Home and Social Sciences",4.5,0,5,No,,,0,0,3,7
5/1/19 20:07,App on my hone or laptop,71,No,Utah,Female,Independent (no leanings),Neutral or undecided,Yes,Pop,0.5,132,Life Sciences,10,0,7,Yes,7,11,0.25,1,0.25,7
5/1/19 20:12,iClicker,74,No,Other,Male,Republican (or independent who leans Republican),Support the use of the death penalty,Yes,Country,1,40,Undeclared/Other,5,6,9,Yes,6,3,0,1,2,7
5/1/19 20:24,App on my hone or laptop,65,No,Utah,Female,Republican (or independent who leans Republican),Neutral or undecided,No,Classical,0,30,"Family, Home and Social Sciences",10,4,10,Yes,6,4,0,2,1,7
5/1/19 20:31,App on my hone or laptop,64,No,North Carolina,Female,Republican (or independent who leans Republican),Neutral or undecided,No,Rock,0,200,Undeclared/Other,2,6,7,No,,,0,2,4,7
5/1/19 20:36,App on my hone or laptop,72,No,Utah,Male,Republican (or independent who leans Republican),Opposed to the use of the death penalty,Yes,Electronic/EDM,1,45,Business (Marriott School of Business),2,5,9,No,,,0.5,1,1.5,8
5/1/19 20:55,iClicker,75,No,California,Male,Republican (or independent who leans Republican),Neutral or undecided,Yes,Pop,1,105,Physical and Mathematical Sciences,2,4,9,No,,,0,1,3,7
5/1/19 21:03,iClicker,64,No,Utah,Female,Independent (no leanings),Neutral or undecided,No,Rock,0,38,Undeclared/Other,2,4,7,No,,,0,1.5,0.5,6.5
5/1/19 21:26,App on my hone or laptop,71,No,Utah,Male,Republican (or independent who leans Republican),Support the use of the death penalty,No,Pop,3,100,Physical and Mathematical Sciences,2,4,8,No,,,1,2,3,6
5/1/19 21:30,App on my hone or laptop,70,No,Utah,Female,Republican (or independent who leans Republican),Support the use of the death penalty,No,Pop,2,40,"Family, Home and Social Sciences",5,5,9,Yes,5,2,2,17,2,6
5/1/19 22:11,iClicker,71,No,Nevada,Male,Republican (or independent who leans Republican),Neutral or undecided,No,Rap/Hip Hop,10,0,Life Sciences,8,5,6,Yes,6,4,3,1,1,6
5/1/19 22:34,App on my hone or laptop,72,No,Arizona,Male,Republican (or independent who leans Republican),Support the use of the death penalty,No,Rock,0,100,"Family, Home and Social Sciences",9,4,10,Yes,6,4,0.5,1,2,8
5/2/19 0:07,iClicker,71,No,Kentucky,Female,Republican (or independent who leans Republican),Opposed to the use of the death penalty,No,Rap/Hip Hop,4,290,Life Sciences,4.5,4,8,No,,,0,2,1,7
5/2/19 0:28,App on my hone or laptop,68,No,Kentucky,Female,Democrat (or independent who leans Democrat),Opposed to the use of the death penalty,No,Rap/Hip Hop,5,300,"Family, Home and Social Sciences",5,3,2,No,,,0,3,1,7
5/2/19 0:30,iClicker,72,No,Virginia,Male,Republican (or independent who leans Republican),Opposed to the use of the death penalty,No,Pop,1,50,Humanities,4,3,9,No,,,0,2,3,7
5/2/19 0:58,App on my hone or laptop,68,No,Minnesota,Male,Republican (or independent who leans Republican),Support the use of the death penalty,Yes,Pop,2,186.25,"Family, Home and Social Sciences",11,0,8,No,,,0,1,2,4
5/2/19 3:04,App on my hone or laptop,74,No,Indiana,Male,Independent (no leanings),Neutral or undecided,Yes,Rap/Hip Hop,0,60,Life Sciences,3,4,8,Yes,13,4,0,0,0,7
5/2/19 3:38,App on my hone or laptop,69,No,Iowa,Male,Republican (or independent who leans Republican),Support the use of the death penalty,Yes,Rock,2,40,Business (Marriott School of Business),6,4,8,Yes,15,3,0.25,1,0.1,7.5
5/2/19 3:43,App on my hone or laptop,68,No,Tennessee,Male,Independent (no leanings),Neutral or undecided,No,Electronic/EDM,1,60,Fine Arts and Communications,9.5,4,7,Yes,7,3,1,0,2,7
5/2/19 6:49,App on my hone or laptop,71,No,California,Male,Republican (or independent who leans Republican),Support the use of the death penalty,No,Rap/Hip Hop,3,120,Business (Marriott School of Business),4,5,9,No,,,2,3,4,5
5/2/19 15:37,App on my hone or laptop,65,No,Oregon,Female,Democrat (or independent who leans Democrat),Opposed to the use of the death penalty,No,Rock,1,70,Fine Arts and Communications,9,3,6,No,,,1,4,6,7
5/2/19 17:04,App on my hone or laptop,70,No,New Jersey,Male,Republican (or independent who leans Republican),Support the use of the death penalty,No,Rap/Hip Hop,3,150,Business (Marriott School of Business),2,4,10,No,,,0,4,6,6
5/2/19 22:00,App on my hone or laptop,72,No,Washington,Male,Republican (or independent who leans Republican),Support the use of the death penalty,Yes,Country,3,25,Life Sciences,7,5,8,Yes,12,4,0,2,2,8
5/2/19 23:13,App on my hone or laptop,66,Yes,Other,Male,Republican (or independent who leans Republican),Neutral or undecided,No,Country,0,100,Undeclared/Other,1,2,8,No,,,0,3,1,8
5/2/19 23:21,App on my hone or laptop,73,No,California,Male,Independent (no leanings),Neutral or undecided,No,Pop,5,20,International Studies,8,5,9,Yes,16,4,0,2,1,7
5/2/19 23:22,App on my hone or laptop,64,No,North Carolina,Female,Independent (no leanings),Support the use of the death penalty,Yes,Pop,12,,Life Sciences,6,4,6,No,,,0,2,3,6
5/5/19 1:49,iClicker,73,No,Idaho,Male,Republican (or independent who leans Republican),Neutral or undecided,No,Rock,0,40,Humanities,8,4,9,Yes,11,2,2,1,2,7
5/5/19 19:50,App on my hone or laptop,62,No,Tennessee,Female,Other,Neutral or undecided,No,Pop,0,0,Physical and Mathematical Sciences,0,4,9,No,,,0,3,0.5,8
5/6/19 14:42,iClicker,60,No,Utah,Female,Independent (no leanings),Opposed to the use of the death penalty,No,Pop,0,95,Education,2.5,4,5,No,,,1,2,2,7.5
5/6/19 17:39,iClicker,61,No,Tennessee,Male,Democrat (or independent who leans Democrat),Opposed to the use of the death penalty,No,Rock,0,30,Undeclared/Other,1,3,8,Yes,9,3,0,1,4,7.5
5/6/19 19:46,App on my hone or laptop,64,No,California,Female,Independent (no leanings),Support the use of the death penalty,No,Pop,0,280,Humanities,7,2,10,No,,,0,7,2,5
5/6/19 22:48,App on my hone or laptop,65,No,Other,Female,Independent (no leanings),Neutral or undecided,No,Pop,0,25,Business (Marriott School of Business),4,3,8,No,,,0,1,5,6
5/7/19 5:01,iClicker,67,No,Idaho,Female,Democrat (or independent who leans Democrat),Opposed to the use of the death penalty,No,Rap/Hip Hop,0,15,"Family, Home and Social Sciences",5,4,7,No,,,0,6,6,7
5/7/19 17:31,iClicker,70,No,New Mexico,Male,Republican (or independent who leans Republican),Support the use of the death penalty,Yes,Rock,1,0,Business (Marriott School of Business),5.5,4,6,No,,,0,3,1.5,8
5/7/19 20:21,iClicker,,No,Washington,Male,Republican (or independent who leans Republican),Neutral or undecided,Yes,Country,2,60,Life Sciences,6,4,8,Yes,3,3,0,1,1,7.7
5/8/19 14:43,iClicker,74,No,California,Male,Independent (no leanings),Opposed to the use of the death penalty,Yes,Rap/Hip Hop,5,30,"Family, Home and Social Sciences",7,4,5,No,,,0,1,3,6
5/8/19 18:14,iClicker,69,No,Utah,Male,Independent (no leanings),Opposed to the use of the death penalty,No,Rap/Hip Hop,1,100,Undeclared/Other,1.5,5,5,No,,,0,2,2,8
5/8/19 22:49,App on my hone or laptop,72,No,Alabama,Male,Republican (or independent who leans Republican),Support the use of the death penalty,Yes,Classical,3,120,Undeclared/Other,9.5,3,5,No,,,2,2,2,8