College,SemestersTillGrad,AttendDevos,WonIntramurals,AppleOrAndroid,FoodPerWeek,Rent,NumBedrooms,Pool,WalkingDistance,HoursSleep,MusicGenre,HoursHomework,SocialMediaApp,MovieGenre,AgeSantaClause,YearInternet,BYUFounded,YHowTall,Salary,PayForA
Life Sciences,1,No,No,Apple,70,500,4,Yes,No,7,Country,10,Facebook,Action,8,1990,1865,100,200000,1
Physical and Mathematical Sciences,5,Yes,No,Apple,25,355,4,No,Yes,6,Rock and Metal,6,Instagram,Romance,6.25,1989,1870,27,135000,100
David O. McKay School of Education,4,No,No,Apple,20,485,4,Yes,Yes,6.2,Other,25,Tik Tok,Comedy,8,1990,1893,400,75000,40
Life Sciences,3,Yes,No,Android,60,1,8,Yes,No,8,Country,11,Instagram,Mystery,6,1999,1862,6200,130000,20
Physical and Mathematical Sciences,7,No,No,Android,30,425,3,No,Yes,6,Rock and Metal,21,Facebook,Mystery,8,1964,1875,30,175000,20
Marriott School of Business,5,No,No,Apple,50,450,3,Yes,Yes,7,Other,12,Tik Tok,Comedy,7,1990,1960,200,100000,50
Marriott School of Business,7,Yes,No,Apple,40,400,3,No,Yes,7,Hip-hop and Rap,12,Snapchat,Comedy,10,1968,1919,60,3000000,100
Physical and Mathematical Sciences,8,Yes,No,Apple,25,402.4,3,No,Yes,7.5,Other,18,Instagram,Fantasy,6,1980,1865,300,120000,0.01
David O. McKay School of Education,6,No,No,Apple,30,565,4,Yes,No,6,Country,6,Instagram,Comedy,8,1975,1875,200,40000,150
Marriott School of Business,8,No,No,Apple,50,403,3,No,Yes,6,Other,30,Instagram,Romance,8,1974,1891,100,200000,1000
Fine Arts and Communications,3,No,No,Apple,150,420,3,Yes,Yes,6,Pop,10,Instagram,Mystery,11,1992,1917,230,80000,200
Life Sciences,4,No,No,Apple,100,755,1,No,Yes,8,Other,10,Instagram,Fantasy,8,1995,1850,300,120000,20
Marriott School of Business,4,No,No,Apple,25,430,3,Yes,Yes,7.5,Other,20,Instagram,Fantasy,12,1975,1875,200,160000,50
Marriott School of Business,5,No,No,Apple,50,340,3,Yes,Yes,6.5,Pop,20,Instagram,Fantasy,6,1993,1900,31,500000,300
Marriott School of Business,8,Yes,No,Android,15,410,3,No,Yes,8,Country,15,Instagram,Drama,7,2006,1875,30,25000,300
Physical and Mathematical Sciences,6,No,No,Apple,25,475,2,Yes,Yes,7,Pop,15,Instagram,Action,6,1980,1805,130,250000,200
Life Sciences,2,No,No,Apple,70,410,2,No,Yes,7.75,Pop,20,YouTube,Action,4,1998,1883,350,90000,300
Nursing,6,No,No,Apple,100,1200,1,Yes,Yes,7,Pop,15,Instagram,Romance,6,1970,1838,250,400000,300
Life Sciences,5,No,No,Apple,75,875,1,No,Yes,7,Other,4,Twitter,Comedy,7,1993,1895,300,125000,250
Marriott School of Business,7,No,No,Apple,50,500,3,No,Yes,7,Pop,20,Tik Tok,Romance,4,2000,1853,100,75000,100
"Family, Home and Social Sciences",8,Yes,No,Apple,12,402,2,No,Yes,7,Classical,70,Instagram,Romance,9,1990,1885,300,40000,50
Life Sciences,5,No,No,Apple,30,470,6,No,Yes,7.5,Pop,40,Instagram,Action,12,1984,1934,18000,40000,400
Marriott School of Business,7,Yes,No,Apple,60,1,3,No,No,8,Rock and Metal,15,Instagram,Action,10,1985,1847,100,5000000,200
"Family, Home and Social Sciences",4,No,No,Apple,20,415,2,No,Yes,6.5,Pop,9.5,Instagram,Romance,11,1989,1868,15,150000,300
Fine Arts and Communications,1,No,Yes,Apple,100,975,1,No,No,7.5,Pop,15,Instagram,Action,8,1999,1865,165,150000,100
Ira A. Fulton College of Engineering,8,Yes,No,Apple,25,500,3,Yes,Yes,8.5,Country,4.5,Facebook,Action,8,1980,1875,350,150000,100
"Family, Home and Social Sciences",8,Yes,No,Android,100,360,1,No,Yes,7,Other,20,Instagram,Drama,9,1989,1875,100,125000,200
Marriott School of Business,8,Yes,No,Apple,20,415,3,Yes,Yes,7,Country,20,Instagram,Romance,7,1860,1928,3200,88000,50
David O. McKay School of Education,7,Yes,No,Apple,80,456,1,No,Yes,6.5,Pop,20,Instagram,Romance,9,1940,1890,6278,80000,40
Humanities,5,No,No,Apple,50,951,2,No,Yes,5,Hip-hop and Rap,50,YouTube,Action,7,1960,1882,2000,75000,125
Nursing,6,No,No,Apple,15,470,3,Yes,Yes,7,Country,25,Tik Tok,Romance,8,1995,1895,500,400000,500
Ira A. Fulton College of Engineering,4,No,No,Apple,30,425,4,No,Yes,6.5,Pop,25,YouTube,Action,6,1972,1873,100,100000,100
Life Sciences,3,No,No,Apple,40,500,4,No,Yes,7.5,Pop,35,Instagram,Comedy,9,1970,1960,1500,200000,50
Life Sciences,3,No,No,Apple,50,450,2,Yes,Yes,6,Pop,28,Tik Tok,Action,12,1974,1856,400,120000,60
Life Sciences,4,Yes,No,Apple,100,290,4,No,Yes,7,Pop,15,Instagram,Comedy,5,1972,1894,150,90000,100
Marriott School of Business,8,No,No,Apple,150,500,3,No,Yes,7,Other,8,Instagram,Comedy,9,1985,1880,300,300000,1000
Marriott School of Business,3,No,No,Apple,60,380,2,No,Yes,8,Hip-hop and Rap,10,YouTube,Action,7,1980,1888,300,230000,50
Physical and Mathematical Sciences,4,No,No,Android,200,430,2,No,Yes,7.5,Other,8,Facebook,Action,8,1993,1890,300,150000,500
Marriott School of Business,3,No,No,Apple,35,650,4,Yes,Yes,6,Pop,37,Instagram,Action,11,1982,1868,102,130000,100
Nursing,7,Yes,No,Apple,80,300,1,No,Yes,7,Country,15,Instagram,Action,11,1978,1890,24,75000,100
"Family, Home and Social Sciences",3,No,No,Apple,120,530,1,No,Yes,6.5,Pop,5,Instagram,Action,8,1960,1860,150,250000,1000
Humanities,7,No,No,Android,113.75,365,1,No,Yes,6.5,Pop,15,Instagram,Romance,10,1976,1891,300,85000,100
Life Sciences,1.5,No,No,Apple,70,720,2,No,No,7.75,Hip-hop and Rap,10,Instagram,Action,4,1990,1890,300,300000,0.01
Ira A. Fulton College of Engineering,5,Yes,No,Android,50,400,4,Yes,Yes,7,Other,25,YouTube,Action,7,1950,1850,38,500000,50
Nursing,5,No,No,Apple,40,415,4,Yes,No,6.5,Pop,30,Facebook,Romance,6.5,1985,1875,500,85000,100
Physical and Mathematical Sciences,4,Yes,No,Apple,30,475,2,Yes,Yes,7,Hip-hop and Rap,55,YouTube,Comedy,7,1996,1880,200,200000,100
Physical and Mathematical Sciences,5,No,No,Apple,0,1,5,No,No,8.5,Other,21,Facebook,Action,5,1995,1875,75,80000,100
Nursing,6,No,No,Apple,100,400,3,No,Yes,6,Pop,10,Instagram,Comedy,12,1992,1926,330,75,100
Fine Arts and Communications,7,Yes,No,Apple,60,400,1,No,Yes,7.5,Pop,15,Instagram,Romance,10,2001,1889,150,75000,100
Marriott School of Business,8,No,No,Android,50,465,2,No,Yes,3.25,Pop,12,Instagram,Action,5,1983,1875,50,178000,2000
Life Sciences,5,No,No,Apple,80,460,3,Yes,Yes,7,Pop,3,Facebook,Action,8.5,1997,1864,400,150000,500
Life Sciences,3,Yes,No,Apple,70,425,6,No,Yes,8,Country,20,Instagram,Action,12,1965,1930,800,250000,500
"Family, Home and Social Sciences",4,No,No,Apple,20,375,2,No,Yes,8.5,Pop,20,Instagram,Comedy,2,1999,1863,5000,70000,20
Fine Arts and Communications,7,No,No,Apple,30,400,3,No,Yes,5,Pop,7,Instagram,Fantasy,8,1965,1896,80,80000,30
"Family, Home and Social Sciences",7,Yes,No,Apple,75,400,1,No,Yes,8,Rock and Metal,28,Instagram,Comedy,11,1979,1890,600,150000,50
Physical and Mathematical Sciences,7,No,No,Apple,50,480,2,No,Yes,5.5,Country,5,Snapchat,Romance,9,1982,1847,54,150000,500
Nursing,10,No,No,Android,70,400,4,Yes,Yes,6.5,Other,12,YouTube,Action,6,1990,1875,200,65000,100
Life Sciences,8,Yes,No,Android,25,400,3,No,Yes,6.5,Pop,4.5,YouTube,Romance,9,1980,1870,562,300000,50
Marriott School of Business,6,No,No,Apple,15,279,2,No,Yes,6,Pop,15,Instagram,Fantasy,4,1980,1880,100,400000,3000
"Family, Home and Social Sciences",4,Yes,No,Android,30,380,6,No,Yes,7.5,Country,25,Facebook,Action,7,1998,1875,100,100000,200
Life Sciences,5,Yes,No,Android,85,362.71,1,No,Yes,6,Country,10,Facebook,Action,8.5,1987,1872,4592,220000,500
Life Sciences,7,No,No,Apple,91,350,1,No,Yes,7.5,Pop,8,Snapchat,Romance,10,1977,1875,780,120000,50
Life Sciences,7,No,No,Apple,20,406,3,No,Yes,9.5,Pop,4,Instagram,Action,7,1999,1852,1300,450000,250
Life Sciences,5,No,No,Apple,30,380,2,Yes,Yes,8,Country,12,Tik Tok,Fantasy,12,1950,1825,800,100000,50
David O. McKay School of Education,5,Yes,No,Apple,20,360,3,No,Yes,7.5,Pop,20,Tik Tok,Romance,8,1980,1875,200,85000,50
Marriott School of Business,7,Yes,No,Apple,55,400,4,Yes,No,8,Pop,45,Instagram,Romance,9,1990,1875,40,70000,300
Humanities,3,No,No,Apple,40,1120,2,No,Yes,8.5,Pop,30,Instagram,Action,7,1990,1850,900,400000,600
Marriott School of Business,7,Yes,No,Android,50,500,3,No,Yes,8,Classical,37,YouTube,Comedy,6,1940,1845,100,90000,1500
Life Sciences,8,Yes,No,Apple,50,400,3,No,Yes,6,Country,20,Instagram,Action,10,1964,1786,300,150000,100
Physical and Mathematical Sciences,7,Yes,No,Apple,80,400,3,No,Yes,6.75,Other,27,Instagram,Action,7,1978,1970,300,150000,100
Life Sciences,7,Yes,No,Android,100,400,1,No,Yes,7.5,Pop,10,Instagram,Action,8,1982,1875,130,130000,50
David O. McKay School of Education,7,Yes,Yes,Apple,70,400,1,No,Yes,7,Rock and Metal,5,Instagram,Action,7,1985,1875,3000,100000,50
Life Sciences,5,Yes,No,Apple,50,402,3,No,Yes,8,Country,10,Instagram,Action,8,1995,1870,75,400000,100
Marriott School of Business,3,No,No,Apple,30,350,3,No,Yes,7,Pop,4,Instagram,Romance,8,1940,1898,11,300000,200
Life Sciences,6,No,No,Apple,91,375,1,No,Yes,7,Pop,11,Instagram,Fantasy,9,1977,1889,200,100000,100
Humanities,2,No,No,Apple,50,380,4,No,Yes,7.5,Pop,8,Twitter,Comedy,8,1980,1918,50,70000,100
Marriott School of Business,3,Yes,No,Apple,47,1100,1,Yes,No,8.5,Country,30,Instagram,Comedy,6,1977,1875,400,200000,600
Physical and Mathematical Sciences,5,No,No,Apple,45,925,1,No,No,7.25,Classical,30,YouTube,Fantasy,7,1915,1870,80,100000,50
Life Sciences,5,No,No,Apple,150,370,3,Yes,Yes,7,Pop,10,Instagram,Romance,12,1990,1870,70,2000000,50
Marriott School of Business,4,Yes,No,Apple,80,550,2,Yes,Yes,6.5,Other,20,Instagram,Action,7,1990,1900,10000,700000,200
Life Sciences,0.5,No,No,Apple,40,335,2,No,Yes,6,Pop,40,Instagram,Fantasy,10,1980,1910,120,100000,5
David O. McKay School of Education,6,No,No,Android,60,375,3,No,Yes,7,Hip-hop and Rap,8,Tik Tok,Comedy,5,1985,1923,10000,60000,100
Life Sciences,3,No,No,Apple,38,450,4,No,Yes,7.5,Other,25,Instagram,Drama,7,1983,1890,9000,150000,5
Nursing,4,Yes,No,Apple,40,271,2,No,Yes,6.5,Country,12,Instagram,Action,9,1987,1880,60,75000,100
Ira A. Fulton College of Engineering,6,Yes,No,Apple,25,275,2,Yes,Yes,8,Country,3.6,Instagram,Comedy,9,1776,1890,777,200000,5
Life Sciences,1,No,No,Apple,60,450,4,No,No,8.5,Country,20,Facebook,Action,5,1979,1880,145,275000,50
Humanities,2,No,No,Apple,100,900,2,No,Yes,8,Pop,10,Instagram,Comedy,5,1990,1880,25,100000,500
Marriott School of Business,6,No,No,Apple,80,550,4,No,Yes,6,Hip-hop and Rap,20,Snapchat,Action,0.1,1995,1885,50,600000,500
Marriott School of Business,5,No,No,Apple,59,740,1,No,Yes,7,Pop,5,Instagram,Action,7,1990,1900,20,70000,100
Marriott School of Business,4,No,No,Apple,30,550,4,Yes,Yes,8,Country,30,Tik Tok,Action,10,1976,1896,300,110000,100
"Family, Home and Social Sciences",3,No,No,Apple,20,440,3,No,Yes,7,Country,3,Instagram,Drama,11,1985,1875,800,75000,200
Humanities,4,No,No,Apple,50,800,2,No,Yes,7.5,Other,20,Instagram,Comedy,8,1998,1890,30,120000,15
Fine Arts and Communications,7,No,No,Apple,50,425,3,No,Yes,6,Country,25,Instagram,Horror,6,1950,1877,70,100000,300
Marriott School of Business,4,Yes,No,Apple,60,520,4,No,Yes,6,Dance and Electronic Music,26,YouTube,Comedy,7,1985,1875,150,350000,150
Physical and Mathematical Sciences,5,No,No,Apple,30,413,2,Yes,Yes,7.5,Rock and Metal,15,Instagram,Comedy,8,1987,1868,200,250000,1
Life Sciences,6,No,No,Apple,65,375,1,No,Yes,7.5,Pop,20,Tik Tok,Action,9,1983,1921,1893,300000,750
David O. McKay School of Education,5,No,No,Android,60,419,3,Yes,Yes,7.5,Pop,16,YouTube,Romance,7,1990,1896,2000,80000,5
Physical and Mathematical Sciences,4,Yes,No,Apple,30,450,2,Yes,Yes,8,Classical,30,Facebook,Fantasy,10,1980,1875,80,60000,35
Ira A. Fulton College of Engineering,7,No,No,Apple,40,850,1,No,Yes,8,Country,18,Facebook,Action,6,1995,1875,35,150000,75
Physical and Mathematical Sciences,7,No,No,Apple,40,800,1,No,Yes,8.5,Other,6.3,Facebook,Drama,11,1947,1898,763,550000,10
Marriott School of Business,5,No,No,Apple,75,975,2,No,Yes,8,Classical,38,Instagram,Foreign,9,1999,1879,235,180000,10
Marriott School of Business,2,No,Yes,Apple,20,500,5,No,No,8,Hip-hop and Rap,5,Instagram,Action,9,1997,1800,2000,200000,100
Nursing,7.5,Yes,No,Apple,35,402.4,3,No,Yes,7,Pop,25,Instagram,Comedy,10,1990,1875,50,150000,50
Life Sciences,6,No,Yes,Apple,45,385,2,No,Yes,8,Hip-hop and Rap,12,Instagram,Comedy,14,1994,1930,787,160000,400
Life Sciences,4,No,Yes,Apple,75,400,1,No,No,6.5,Country,45,Instagram,Romance,10,1990,1890,100,250000,75
Nursing,5,No,No,Apple,100,850,2,No,Yes,7,Country,55,YouTube,Action,9,1995,1886,400,180000,200
David O. McKay School of Education,6,No,No,Apple,35,416,2,Yes,Yes,6.5,Other,10,Tik Tok,Romance,5,1977,1960,8000,36000,5
Marriott School of Business,7,Yes,No,Apple,20,400,3,No,Yes,7,Hip-hop and Rap,13,Snapchat,Action,8,1969,1894,300,150000,40
Physical and Mathematical Sciences,5,Yes,No,Apple,70,415,6,Yes,Yes,6,Pop,10,Instagram,Comedy,7,1980,1860,100,90000,200
Nursing,7,No,No,Android,60,379,2,No,Yes,6,Other,20,Tik Tok,Mystery,8,1990,1875,75,70000,100
Life Sciences,1,No,No,Apple,220,1284,1,No,Yes,7,Pop,10,Instagram,Action,5,1972,1898,130,10000000,300
Physical and Mathematical Sciences,7,Yes,No,Android,110,360,1,No,Yes,8,Pop,18,Instagram,Comedy,8,1990,1870,50,85000,10
David O. McKay School of Education,4,No,No,Apple,50,400,3,Yes,Yes,8,Country,15,YouTube,Romance,8,1970,1880,100,60000,100
Fine Arts and Communications,6,No,No,Apple,30,400,3,No,Yes,8,Rock and Metal,10,Instagram,Fantasy,10,1973,1873,200,80000,50
"Family, Home and Social Sciences",7,No,No,Android,50,400,2,No,Yes,7.5,Other,20,Instagram,Romance,4,2000,1889,10,50000,20
Marriott School of Business,5,Yes,No,Apple,30,430,3,Yes,Yes,7,Country,15,Instagram,Romance,11,1996,1890,500,60000,50
Nursing,8,No,No,Apple,90,400,1,No,Yes,4,Pop,12,Snapchat,Romance,9,1998,1920,600,100000,200
Life Sciences,8,Yes,No,Apple,70,435,1,No,Yes,7,Country,25,Instagram,Comedy,9,1989,1920,20,60000,250
"Family, Home and Social Sciences",7,No,No,Android,0,1,6,No,No,8,Classical,15,Facebook,Romance,1,1991,1842,40,20000,1
David O. McKay School of Education,5,Yes,No,Apple,30,379,3,Yes,No,7,Country,30,Instagram,Comedy,8,1977,1880,40,90000,50
"Family, Home and Social Sciences",4,No,No,Android,25,455,5,No,Yes,6,Other,20,Instagram,Action,10.5,1980,1850,15,80000,5
Marriott School of Business,5,No,No,Android,100,825,2,No,No,9,Hip-hop and Rap,25,Instagram,Action,5,1950,1864,60,100000,200
Physical and Mathematical Sciences,6,No,No,Apple,25,425,4,Yes,Yes,7.5,Other,12,Instagram,Comedy,6,1994,1830,250,150000,40
Marriott School of Business,6,Yes,No,Apple,50,355,3,No,No,6,Other,12,Snapchat,Comedy,10.5,1999,1890,100,130000,150
David O. McKay School of Education,7,No,No,Android,25,402,3,No,Yes,7,Pop,12,Instagram,Romance,7.8,1986,1876,425,85000,125
"Family, Home and Social Sciences",4,No,No,Apple,30,460,2,No,Yes,7,Country,40,Instagram,Action,9,1989,1900,70,120000,1
Physical and Mathematical Sciences,6,No,No,Apple,25,400,3,Yes,Yes,7,Country,25,Tik Tok,Action,8,1985,1875,30,200000,250
David O. McKay School of Education,4,No,No,Apple,50,370,3,No,Yes,7,Pop,20,Tik Tok,Romance,8,1980,1880,3000,60000,500
David O. McKay School of Education,7,No,No,Apple,13,380,2,No,Yes,6,Rock and Metal,14,YouTube,Comedy,8,1980,1857,800,100000,400
Physical and Mathematical Sciences,5,Yes,No,Apple,30,436,3,No,Yes,6.5,Other,30,Tik Tok,Drama,8,1970,1896,500,75000,35
Fine Arts and Communications,7,Yes,No,Android,30,384,2,No,Yes,7,Pop,23,Instagram,Action,2,1960,1900,500,70000,30
"Family, Home and Social Sciences",6,Yes,Yes,Apple,60,440,2,Yes,Yes,8.5,Pop,12,Tik Tok,Action,7,1997,1918,3000,80,100
Marriott School of Business,3,No,No,Apple,50,410,2,No,Yes,6,Pop,20,YouTube,Action,5,1992,1857,100,800000,200
Nursing,7,No,No,Apple,50,470,3,Yes,Yes,7,Country,20,Instagram,Romance,10,1995,1900,5280,120000,200
Nursing,6,No,No,Android,50,310,3,Yes,Yes,8,Country,14,Instagram,Romance,8,1985,1837,60,80000,100
Nursing,6,No,No,Apple,80,675,2,No,No,7,Country,7,Facebook,Action,6,1995,1875,250,160000,500
Life Sciences,4,No,No,Apple,100,750,1,No,No,9,Country,12,Instagram,Romance,9,2003,1865,1375,85000,350
Physical and Mathematical Sciences,5,Yes,No,Apple,15,330,3,Yes,Yes,6.5,Pop,25,Instagram,Romance,3,1995,1876,25,60000,100
Marriott School of Business,4,No,No,Apple,60,280,3,No,Yes,6.5,Other,20,YouTube,Comedy,5,1976,1853,150,240000,200
Marriott School of Business,5,No,Yes,Apple,80,425,4,Yes,Yes,5.5,Hip-hop and Rap,20,Instagram,Action,1,1980,1970,2000,250000,50
Physical and Mathematical Sciences,5,No,No,Apple,30,410,2,Yes,No,7,Pop,2,Tik Tok,Romance,7,1975,1880,20,200000,15
Life Sciences,12,Yes,No,Apple,30,250,3,No,Yes,5,Country,15,Twitter,Comedy,10,1971,1890,10500,175000,100
Life Sciences,5,No,No,Apple,50,335,2,No,Yes,6.5,Other,20,Instagram,Fantasy,12,1992,1845,1200,90000,100
"Family, Home and Social Sciences",1,No,No,Apple,100,1100,5,No,No,7.5,Other,6,Instagram,Action,10,1990,1890,50,80000,200
"Family, Home and Social Sciences",3,No,No,Apple,30,470,2,Yes,Yes,9,Hip-hop and Rap,10,Snapchat,Mystery,9,1940,1915,100,60000,150
Physical and Mathematical Sciences,8,Yes,No,Apple,20,1000,1,No,Yes,7,Pop,50,Instagram,Mystery,10,1930,1875,10000,400000,100
Physical and Mathematical Sciences,6,No,No,Apple,10,400,3,No,Yes,7.5,Classical,11,YouTube,Fantasy,10,1995,1890,1000,120000,10
Marriott School of Business,5,Yes,No,Apple,70,0.1,5,No,No,6.8,Hip-hop and Rap,18,Instagram,Comedy,6,1997,1880,160,150000,50
Humanities,2,Yes,No,Apple,100,470,3,Yes,Yes,4,Country,18,Facebook,Romance,5,1980,1950,12000,82000,500
Marriott School of Business,7,No,No,Apple,20,250,3,No,Yes,7,Dance and Electronic Music,10,Instagram,Action,13,1966,1915,150,400000,30
Life Sciences,6,No,No,Apple,60,475,3,Yes,Yes,7,Pop,45,Instagram,Romance,7,1981,1920,130,270000,20
Life Sciences,6,Yes,No,Android,50,340,3,Yes,Yes,7,Other,25,Instagram,Action,7,1985,1875,500,100000,0.01
Marriott School of Business,7,Yes,No,Apple,25,900,2,No,Yes,7,Hip-hop and Rap,9,Instagram,Comedy,9,1998,1890,250,200000,100
Physical and Mathematical Sciences,5,No,No,Android,30,399,4,No,No,6,Hip-hop and Rap,20,Tik Tok,Action,8,1995,1875,180,250000,40
Marriott School of Business,8,No,No,Apple,65,400,3,No,Yes,7,Pop,15,Instagram,Romance,6,1989,1912,115,300000,150
Life Sciences,7,No,No,Apple,40,400,2,No,Yes,7,Pop,22,Tik Tok,Action,10,1980,1890,190,89000,50
David O. McKay School of Education,5,Yes,No,Apple,100,500,4,No,No,5,Country,12,Instagram,Action,11,1978,1960,56,75000,200
Life Sciences,5,No,No,Apple,260,1300,5,No,No,8,Pop,14,YouTube,Action,7,1975,1898,30,120,300
Marriott School of Business,6,No,No,Apple,100,390,1,No,Yes,6.3,Rock and Metal,32,YouTube,Comedy,8,1993,1824,175,1325000,950
"Family, Home and Social Sciences",6,Yes,No,Android,20,350,2,No,Yes,4,Other,56,Instagram,Comedy,12,1986,1880,50,42,20
Marriott School of Business,5,No,No,Apple,45,409,3,Yes,Yes,6.5,Rock and Metal,30,Instagram,Action,8,1987,1890,4800,500000,400
Marriott School of Business,4,No,No,Apple,40,325,2,Yes,Yes,7.5,Pop,10,Facebook,Action,8,1990,1850,40,300000,10
Fine Arts and Communications,5,No,No,Apple,26,360,3,Yes,Yes,7.5,Pop,5,Tik Tok,Romance,6,1965,1878,1537,80000,200
Marriott School of Business,5,Yes,No,Apple,60,465,3,No,Yes,8,Other,25,Instagram,Romance,8,1986,1860,100,150000,200
Physical and Mathematical Sciences,8,Yes,No,Android,70,400,3,No,Yes,6,Classical,18,Instagram,Mystery,7.5,1984,1875,1000,500000,25
"Family, Home and Social Sciences",8,No,No,Android,65,402,3,No,Yes,6,Classical,15,Instagram,Romance,4,1988,1875,2000,100000,500
Fine Arts and Communications,5,Yes,No,Apple,30,400,2,Yes,Yes,7,Pop,20,Instagram,Romance,9,1990,1865,36,300000,200
Marriott School of Business,6,No,No,Apple,30,592,4,No,Yes,6.75,Hip-hop and Rap,40,Instagram,Horror,10,1990,1847,1500,1200000,297
Ira A. Fulton College of Engineering,5,No,No,Apple,100,565,4,Yes,No,8,Classical,35,YouTube,Action,7,1980,1900,100,60000,5
Life Sciences,5,No,No,Apple,15,335,2,No,Yes,5,Pop,20,Instagram,Romance,10,2000,1940,100,80000,100
Marriott School of Business,10,No,No,Android,25,369,3,Yes,Yes,6.5,Dance and Electronic Music,15,YouTube,Fantasy,11,1970,1850,150,100000,10
Life Sciences,7,No,No,Apple,70,600,4,No,Yes,5,Pop,22,Facebook,Romance,9,1983,1875,200,120000,20
Humanities,3.5,No,No,Apple,200,2000,4,No,No,5,Other,10,Instagram,Romance,8,1960,1860,50,60000,1
Fine Arts and Communications,4,No,No,Apple,45,384,2,No,Yes,7.1,Other,10.5,YouTube,Fantasy,12,1984,1870,1000,70000,100
Marriott School of Business,5,No,No,Apple,70,875,1,No,No,7.5,Other,20,Instagram,Drama,10,1994,1863,100,100000,100
Ira A. Fulton College of Engineering,7,No,No,Apple,45,375,3,Yes,Yes,8,Pop,15,Instagram,Fantasy,8,1974,1875,350,120000,59
Marriott School of Business,5,No,No,Apple,80,480,2,Yes,Yes,7.5,Country,20,YouTube,Action,6,1995,1880,600,500000,300
Marriott School of Business,3,Yes,No,Apple,300,300,2,No,Yes,7,Other,8,YouTube,Comedy,8,1984,1886,300,200000,400
Nursing,7,No,No,Apple,50,550,4,Yes,Yes,8.5,Pop,12,Instagram,Comedy,8,1990,1900,200,120000,200
"Family, Home and Social Sciences",6,Yes,No,Apple,20,500,3,Yes,Yes,5,Other,21,Snapchat,Comedy,7,1980,1869,125,100000,40
Physical and Mathematical Sciences,7,No,No,Apple,50,770,1,No,Yes,7.5,Pop,10.5,Instagram,Drama,10,1990,1920,50,150,10
David O. McKay School of Education,6,No,No,Apple,110,362,1,No,Yes,6,Pop,20,Snapchat,Romance,9,1982,1885,300,85000,200
Physical and Mathematical Sciences,8,No,No,Apple,50,350,2,No,Yes,7.2,Other,12,YouTube,Horror,5,1442,1870,100,500000,500
Nursing,5,No,Yes,Apple,150,800,1,No,No,7,Country,35,Instagram,Comedy,8,1950,1879,1000,80000,500
Marriott School of Business,10,No,No,Apple,100,200,3,No,No,6,Rock and Metal,15,Instagram,Action,10,2000,1895,30,200000,50
Life Sciences,7,No,No,Android,50,365,1,No,Yes,7.5,Other,9,Snapchat,Comedy,7.5,1967,1890,250,90000,20
Physical and Mathematical Sciences,8,Yes,No,Apple,30,330,3,Yes,Yes,5.5,Pop,10,Instagram,Action,7,1998,1875,7200,300000,100
Life Sciences,4,No,No,Apple,30,570,4,Yes,Yes,5,Pop,10,Tik Tok,Comedy,7,1988,1890,100,500000,150
Life Sciences,8,Yes,No,Apple,400,300,1,No,Yes,8,Pop,22,Instagram,Action,12,1978,1875,8000,95000,50
Physical and Mathematical Sciences,4,Yes,No,Apple,60,410,2,No,Yes,7,Pop,25,Tik Tok,Comedy,8,1985,1825,800,150000,400
Life Sciences,2,No,No,Apple,50,310,2,No,Yes,6,Country,10,YouTube,Fantasy,8,2003,1880,200,171530,300
Marriott School of Business,4,No,No,Apple,50,465,4,No,Yes,7,Country,12,Instagram,Horror,9,1995,1918,250,150,200
"Family, Home and Social Sciences",6,No,No,Apple,100,350,3,No,Yes,7,Pop,10,Instagram,Drama,1,1965,1870,300,83000,200
Marriott School of Business,2.5,No,No,Apple,35,400,2,No,Yes,8.5,Rock and Metal,20,Instagram,Action,8,1974,1873,6000,200000,75
Nursing,7,Yes,No,Apple,20,408,3,No,Yes,8,Country,20,Instagram,Action,7,1980,1950,100,100000,100
Life Sciences,4,No,No,Apple,50,400,4,No,No,7,Pop,12,Instagram,Romance,5,1987,1888,5346,60000,200
Marriott School of Business,4,Yes,No,Apple,40,480,3,Yes,Yes,7,Pop,25,Instagram,Action,6,1980,1900,65,250000,1
Marriott School of Business,7,Yes,No,Apple,30,409,2,No,Yes,6.5,Pop,25,Tik Tok,Action,9,1995,1886,2500,100000,100
"Family, Home and Social Sciences",5,No,No,Android,25,375,2,No,Yes,7.5,Other,15,Instagram,Romance,8,1995,1904,74,60000,20
Nursing,7,Yes,No,Apple,40,455,3,No,Yes,7,Other,25,Tik Tok,Romance,2,2000,1950,15000,120000,50
Ira A. Fulton College of Engineering,7,No,No,Apple,40,402.6,3,No,Yes,4.5,Country,70,Facebook,Action,7,1985,1875,300,120000,200
Life Sciences,7,No,No,Apple,90,400,1,No,Yes,7,Other,20,Snapchat,Horror,7,1995,1890,400,100000,100
Ira A. Fulton College of Engineering,5,No,No,Android,50,400,3,No,Yes,6.5,Pop,30,Instagram,Drama,7,1990,1923,25,300000,200
Marriott School of Business,5,No,No,Apple,40,476,2,Yes,Yes,8,Pop,30,Instagram,Comedy,11,1996,1879,40,170000,800
Marriott School of Business,2,No,No,Android,120,365,2,Yes,Yes,7,Other,16,Facebook,Action,4,1992,1875,4000,140000,400
Life Sciences,4,No,No,Apple,0,1,5,No,No,6.5,Other,15,Instagram,Action,11,1996,1894,175,150000,50
Life Sciences,6,Yes,No,Apple,20,370,6,Yes,Yes,7,Country,23,Snapchat,Action,11,1994,1950,120,60000,10
Fine Arts and Communications,3,No,No,Apple,35,578,6,Yes,No,7,Classical,12,YouTube,Fantasy,7,1974,1912,30000,30000,100
Physical and Mathematical Sciences,5,No,No,Apple,30,800,2,No,No,7,Pop,40,YouTube,Action,8,1975,1850,70,200000,100
David O. McKay School of Education,7,Yes,No,Apple,50,400,3,No,Yes,6.5,Country,16,Instagram,Romance,9,1990,1875,300,90000,100
Nursing,6,No,No,Apple,20,455,3,Yes,Yes,7,Pop,20,Instagram,Drama,10,2005,1886,10000,80,50
Marriott School of Business,6,No,No,Apple,150,340,3,No,Yes,7,Country,5,Instagram,Action,10,1965,1908,25,300000,100
Marriott School of Business,5,No,Yes,Apple,200,435,4,No,Yes,7,Country,40,Instagram,Comedy,6,1992,1879,1300,200000,500
"Family, Home and Social Sciences",6,Yes,No,Apple,100,100,5,No,No,7.5,Other,10,Instagram,Romance,8,1988,1921,150,60000,20
Physical and Mathematical Sciences,5,No,No,Android,60,820,2,No,Yes,6.5,Country,9,Tik Tok,Comedy,10,1991,1860,60,60000,20
Life Sciences,6,Yes,No,Android,30,439,2,Yes,Yes,6.5,Other,20,Facebook,Mystery,8,1997,1905,200,200000,100
Life Sciences,4,No,No,Apple,100,500,4,No,Yes,8,Other,54,Instagram,Action,12,2000,1869,60,90000,200
Nursing,5,No,No,Apple,20,420,2,No,Yes,7,Classical,20,Instagram,Romance,7,1998,1890,150,80000,50
Life Sciences,5,No,No,Apple,60,411,3,Yes,Yes,7,Pop,30,Snapchat,Comedy,9,1990,1900,100,80000,30
"Family, Home and Social Sciences",7,Yes,No,Apple,10,362,1,No,Yes,6,Classical,15,Instagram,Fantasy,8,1985,1885,165,65000,15
Fine Arts and Communications,5,No,No,Android,50,400,3,Yes,Yes,8,Rock and Metal,6,YouTube,Action,5,1960,1890,100,120000,20
Marriott School of Business,7.5,No,No,Apple,30,350,2,Yes,Yes,6.5,Country,25,Facebook,Action,9,2003,1890,10000,1000000,700
Life Sciences,5,No,No,Apple,100,440,3,Yes,Yes,7,Country,20,Tik Tok,Comedy,8,1965,1808,80,75000,100
Ira A. Fulton College of Engineering,3,Yes,No,Android,45,400,3,No,Yes,6,Hip-hop and Rap,14,Instagram,Action,10,1975,1880,300,150000,500
Life Sciences,7,Yes,No,Apple,35,400,3,No,Yes,6,Pop,31,Facebook,Comedy,11,1956,1789,56,80000,300
Marriott School of Business,4,No,No,Apple,20,500,4,No,No,6,Pop,15,Tik Tok,Romance,8,1995,1876,10000,100000,1500
David O. McKay School of Education,7,Yes,No,Android,80,100,1,No,Yes,9,Rock and Metal,3,Snapchat,Action,19,1990,1980,1250,400000,100
Ira A. Fulton College of Engineering,6,No,No,Apple,100,340,3,No,Yes,6,Hip-hop and Rap,20,Tik Tok,Action,7,1980,1855,400,250000,150
Marriott School of Business,9,Yes,No,Android,70,600,1,No,No,5,Other,10,Snapchat,Fantasy,7,1990,1870,200,150000,100
Humanities,1,Yes,No,Apple,65,700,1,No,No,6,Rock and Metal,21,Facebook,Fantasy,8,1970,1945,2600,90000,300
Marriott School of Business,6,No,No,Apple,15,365,2,Yes,Yes,7.5,Hip-hop and Rap,41,Instagram,Fantasy,10,1990,1875,120,325000,1
Physical and Mathematical Sciences,7,No,No,Android,40,1,5,No,No,6.5,Other,20,Instagram,Fantasy,7,1994,1921,70,1000000,10
Ira A. Fulton College of Engineering,8,No,No,Apple,60,485,2,No,Yes,7,Other,8,Instagram,Action,9,1982,1875,50,170000,65
Life Sciences,5,No,No,Android,30,305,3,No,Yes,7,Other,3,YouTube,Fantasy,8,1994,1895,70,85000,50
David O. McKay School of Education,7,No,No,Apple,70,350,1,No,Yes,5,Country,14,Snapchat,Horror,11,1985,1880,200,100000,50
David O. McKay School of Education,7,Yes,No,Android,50,421,3,No,Yes,7,Other,6,YouTube,Comedy,6,1995,1875,100,40000,50
"Family, Home and Social Sciences",5,No,No,Apple,20,350,3,Yes,Yes,5,Other,5,Facebook,Comedy,8,1990,1880,50,150000,100
Physical and Mathematical Sciences,6,No,No,Apple,76,950,3,No,Yes,7,Classical,40,YouTube,Foreign,4,1995,1881,5000,100000,400
Fine Arts and Communications,4,No,No,Apple,40,700,5,Yes,Yes,7,Rock and Metal,14,Tik Tok,Horror,6,1969,1990,15,1000000,20
Physical and Mathematical Sciences,5,No,No,Android,50,850,1,Yes,Yes,7,Rock and Metal,7,Facebook,Mystery,8,1989,1940,100,120000,100
"Family, Home and Social Sciences",5,Yes,No,Apple,50,325,2,Yes,Yes,7.5,Country,5.5,Facebook,Romance,8,1997,1972,152,85000,50
"Family, Home and Social Sciences",4,No,No,Apple,40,180,3,Yes,No,7,Pop,10,Instagram,Drama,8,1990,1885,300,60000,150
Marriott School of Business,3,No,No,Apple,15,850,1,No,No,7,Pop,12,Instagram,Romance,8,1991,1850,600,110000,100
Life Sciences,4,No,Yes,Apple,20,340,3,Yes,Yes,6,Country,20,Instagram,Action,7,1983,1884,300,200000,100
Life Sciences,5,No,No,Apple,30,400,3,No,Yes,7,Rock and Metal,9,YouTube,Action,7,1995,1920,5500,100000,75
Life Sciences,6,No,No,Apple,70,440,3,Yes,Yes,8,Rock and Metal,10,Tik Tok,Comedy,8,1995,1886,300,78000,500
Life Sciences,8,No,No,Apple,30,400,1,No,Yes,6,Pop,10,Tik Tok,Action,8,1995,1825,200,60000,50
Life Sciences,3,Yes,No,Apple,50,310,3,Yes,Yes,7.5,Classical,20,Facebook,Fantasy,7,1980,1875,50,80000,30
Fine Arts and Communications,4,Yes,No,Apple,20,350,2,No,Yes,5.5,Rock and Metal,25,Instagram,Action,9,1995,1885,800,200000,100
David O. McKay School of Education,5,Yes,No,Apple,40,405,3,Yes,Yes,7.5,Other,15,Facebook,Action,7,1979,1885,700,100000,100
Physical and Mathematical Sciences,5,No,No,Apple,60,420,3,Yes,Yes,6.5,Pop,25,Instagram,Comedy,11,1992,1875,300,100000,30
David O. McKay School of Education,6,No,No,Apple,30,325,4,No,Yes,8,Rock and Metal,15,Tik Tok,Drama,11,1998,1887,55,60000,100
Life Sciences,5,Yes,No,Android,50,410,2,Yes,Yes,7,Pop,15,Instagram,Comedy,6,1990,1850,100,75000,50
Life Sciences,5,No,No,Apple,30,400,4,Yes,No,7.5,Pop,20,Snapchat,Comedy,8,1990,1867,20,90000,350
David O. McKay School of Education,6,No,Yes,Apple,40,600,4,Yes,Yes,6.5,Rock and Metal,25,Instagram,Action,9,2001,1980,300,80000,50
Life Sciences,6,No,No,Android,60,750,1,No,Yes,6,Hip-hop and Rap,10,Facebook,Comedy,6,1900,1930,100,120000,25
Marriott School of Business,6,No,No,Apple,30,450,1,Yes,Yes,7,Pop,4,YouTube,Action,8,1932,1902,45,25000,50
Physical and Mathematical Sciences,4,Yes,No,Android,0,0.01,4,No,No,7.5,Other,35,YouTube,Comedy,7.5,1990,1905,50,100000,50
Marriott School of Business,5,Yes,No,Apple,30,400,3,Yes,Yes,9,Other,10,Instagram,Romance,10,1995,1845,100,500000,50
"Family, Home and Social Sciences",9,Yes,No,Apple,50,385,7,No,Yes,6.5,Classical,6.5,Instagram,Comedy,10,1979,1942,50,75000,100
Ira A. Fulton College of Engineering,7,No,No,Apple,40,403,3,No,Yes,6.5,Other,20,Tik Tok,Romance,6,1940,1880,75,120000,100
"Family, Home and Social Sciences",4,No,No,Apple,30,300,4,No,Yes,7,Other,10,Tik Tok,Romance,11,1978,1920,2000,75,100
Fine Arts and Communications,7,No,No,Apple,77,362,2,No,Yes,5.5,Other,23,Instagram,Comedy,10,1985,1890,200,190000,50
Marriott School of Business,8,No,No,Apple,50,550,4,No,Yes,9,Hip-hop and Rap,10,Tik Tok,Romance,8,1980,1890,80,200,1000
"Family, Home and Social Sciences",3,Yes,No,Apple,40,340,2,Yes,Yes,6,Country,30,Tik Tok,Romance,11,1999,1865,300,300000,300
Physical and Mathematical Sciences,4,No,No,Android,20,300,2,No,Yes,7,Dance and Electronic Music,3,Tik Tok,Fantasy,8,1970,1789,8,60000,500
Marriott School of Business,2,No,No,Apple,80,375,3,Yes,Yes,7,Country,10,Instagram,Mystery,12,2000,1875,70,300000,150
Physical and Mathematical Sciences,4,No,No,Apple,100,900,2,No,No,7,Pop,16,YouTube,Fantasy,4,1990,1890,400,350000,80
Life Sciences,5,Yes,No,Android,40,400,3,No,Yes,5.5,Hip-hop and Rap,21,Snapchat,Comedy,7.5,1983,1924,874,75000,120
Nursing,5,No,No,Apple,50,500,2,Yes,Yes,7,Other,30,Tik Tok,Romance,10,1975,1931,250,95000,100
Life Sciences,5,No,No,Apple,20,370,3,Yes,Yes,7,Pop,25,Facebook,Action,8,1995,1896,200,100000,10
Marriott School of Business,6,Yes,No,Apple,50,755,1,No,Yes,8,Pop,30,YouTube,Drama,9.5,1991,1875,1345,120000,600
Fine Arts and Communications,5,No,No,Apple,64,474,3,Yes,Yes,6,Other,5.3,Instagram,Romance,10,1997,1875,7890,85000,80
David O. McKay School of Education,7,No,No,Apple,80,445,2,No,Yes,7.5,Pop,15,Tik Tok,Mystery,6,1986,1954,900,70000,30
Life Sciences,5,Yes,No,Apple,50,425,2,No,Yes,6,Rock and Metal,60,YouTube,Action,8,1997,1856,3500,120000,50
"Family, Home and Social Sciences",5,No,No,Apple,50,350,3,Yes,Yes,6,Pop,25,Instagram,Romance,11,2005,1890,40,70000,150
Physical and Mathematical Sciences,5,No,No,Apple,35,485,4,Yes,Yes,6,Rock and Metal,30,Snapchat,Comedy,9,1981,1875,152,90000,100
Marriott School of Business,7,No,No,Apple,15,400,3,No,Yes,8,Pop,5,Tik Tok,Romance,12,1990,1940,100,80000,10
Marriott School of Business,4,Yes,No,Apple,100,750,1,No,Yes,7,Country,5,Instagram,Action,12,1990,1896,150,300000,20
Physical and Mathematical Sciences,5,No,No,Apple,20,375,3,Yes,Yes,7.5,Pop,20,Instagram,Comedy,10,1990,1875,300,200000,50
Humanities,6,No,No,Android,25,275,6,No,Yes,8,Pop,11,Facebook,Romance,7,1998,1885,150,50000,5
Life Sciences,5,Yes,No,Android,30,10,1,No,No,6,Pop,32,Facebook,Action,8,1987,1890,300,500000,0.01
David O. McKay School of Education,5,No,No,Apple,75,375,2,No,Yes,6.5,Hip-hop and Rap,7,Instagram,Action,0.1,2004,1885,35,100000,500
"Family, Home and Social Sciences",2,No,No,Android,50,491,4,Yes,No,6,Pop,35,Tik Tok,Horror,10,1975,1875,300,200000,450
"Family, Home and Social Sciences",6,Yes,No,Apple,30,370,3,Yes,Yes,7.25,Pop,7,YouTube,Comedy,9,1989,1867,82,180000,35
Marriott School of Business,3,No,No,Apple,100,500,3,Yes,Yes,5,Hip-hop and Rap,25,YouTube,Action,8,1980,1850,50,2500000,500
Marriott School of Business,1,Yes,No,Apple,100,465,3,Yes,Yes,8,Country,3,Facebook,Comedy,8,1999,1878,100,300000,500
Fine Arts and Communications,4,No,Yes,Apple,35,470,4,No,Yes,5,Country,20,Instagram,Action,10,1990,1847,30,120000,500
Marriott School of Business,5,No,No,Apple,30,400,3,Yes,Yes,6.5,Other,30,Instagram,Comedy,10,1960,1860,2000,80000,300
Physical and Mathematical Sciences,5,No,No,Android,40,410,2,No,Yes,7,Pop,22,Instagram,Action,6,1980,1875,100,90000,50
Humanities,3,No,No,Apple,50,500,4,No,No,7,Hip-hop and Rap,30,Instagram,Drama,9,1996,1857,120,400000,150
Physical and Mathematical Sciences,8,Yes,No,Android,60,436,2,Yes,Yes,6.5,Pop,20,YouTube,Action,7,1995,1895,144,200000,50
Nursing,5,No,No,Apple,50,420,2,Yes,Yes,7,Country,20,YouTube,Action,10.5,2002,1930,100,120000,1
"Family, Home and Social Sciences",5,No,No,Apple,75,750,1,No,No,7,Pop,4,Instagram,Action,3,1990,1920,120,150000,1
David O. McKay School of Education,4,No,No,Android,80,402,3,No,Yes,6.5,Rock and Metal,15,Instagram,Mystery,7,1970,1840,250,70000,5
"Family, Home and Social Sciences",4,No,No,Apple,25,340,3,Yes,Yes,7,Pop,30,Instagram,Romance,8,1989,1864,20,80000,100
Fine Arts and Communications,7,No,No,Apple,30,400,3,No,Yes,6.5,Pop,4,Instagram,Romance,8,1982,1802,20,80,50
Marriott School of Business,8,Yes,No,Android,0,450,1,No,Yes,6.5,Classical,10,YouTube,Action,6,1970,1871,200,64000,5
Physical and Mathematical Sciences,5,No,No,Android,40,273,3,No,Yes,8,Classical,12,Instagram,Action,11.5,1975,1876,370,130000,25
David O. McKay School of Education,6,No,No,Apple,25,375,3,Yes,Yes,6.5,Pop,10,Instagram,Comedy,8,1985,1890,2000,45000,30
Life Sciences,7,No,No,Android,30,350,2,No,Yes,5.8,Rock and Metal,12,YouTube,Mystery,6.25,1991,1866,20,130000,100
Life Sciences,5,No,No,Android,50,350,3,No,Yes,7,Country,12,Instagram,Action,8,1970,1870,100,100000,85
Physical and Mathematical Sciences,5,No,No,Apple,50,410,2,No,Yes,7.5,Other,35,Facebook,Comedy,5,1995,1930,150,100000,25
Marriott School of Business,7,No,No,Apple,10,1300,1,Yes,No,7,Pop,30,Instagram,Action,6,1995,1850,400,200000,50
"Family, Home and Social Sciences",4,Yes,No,Apple,50,400,5,No,Yes,7,Pop,15,Tik Tok,Action,10,1975,1920,100,70000,50
Nursing,6,Yes,No,Android,30,400,2,No,Yes,6.5,Other,7,Instagram,Romance,4,1965,1900,50,120000,20
Physical and Mathematical Sciences,5,No,No,Apple,150,395,2,No,Yes,7,Country,13,Instagram,Romance,6,1983,1893,23,95000,1
Life Sciences,5,Yes,No,Apple,40,925,1,Yes,No,8,Pop,11,Instagram,Romance,10,1969,1843,70,65000,200
Marriott School of Business,8,No,No,Apple,50,550,3,Yes,Yes,5,Other,10,Instagram,Romance,9,1938,1910,250,125000,150
"Family, Home and Social Sciences",4,No,No,Apple,60,445,4,No,Yes,7,Other,12,Instagram,Romance,6,1985,1895,95,100000,500
Fine Arts and Communications,4,No,No,Apple,80,720,1,No,No,6,Pop,15,Instagram,Mystery,8,1960,1890,685,50000,250
Physical and Mathematical Sciences,16,Yes,No,Android,10,400,3,No,Yes,6.5,Other,23,YouTube,Comedy,9,1987,1875,3000,90000,120
Marriott School of Business,6,Yes,No,Apple,50,450,2,Yes,Yes,6.9,Other,12,Facebook,Action,5,1980,1891,57,200000,75
Physical and Mathematical Sciences,4,No,No,Apple,30,369,3,Yes,Yes,7.5,Pop,49,Instagram,Comedy,8,1976,1867,200,50000,50
Marriott School of Business,3,No,No,Apple,62,410,2,Yes,No,7,Pop,30,Instagram,Romance,2,1950,1800,20,200000,50
Marriott School of Business,3,No,No,Apple,120,950,1,No,Yes,4.5,Other,25,Instagram,Foreign,5,1985,1880,350,450000,100
David O. McKay School of Education,1,No,No,Apple,40,1000,2,Yes,No,7,Other,12,Instagram,Romance,8,2002,1890,100,100000,100
Marriott School of Business,5,No,No,Apple,100,419,3,Yes,Yes,6.5,Pop,3.5,YouTube,Mystery,10,1985,1885,200,130000,250
Life Sciences,3,No,No,Apple,40,529,2,Yes,Yes,5.25,Other,20,Instagram,Comedy,7,1980,1890,200,115000,300
