"iClickerOrPhone","Height","FromTexas","HomeState","Gender","PoliticalParty","CapitalPunishment","StickShift","MusicGenre","Caffeine","TextbookCost","MajorCollege","NumSemesters","NumChildren","Happiness","Married","MonthsDating","MonthsEngaged","HoursVideoGames","HoursMovies","HoursInternet","HoursSleep"
"iClicker",63,"No","Other","Female","Democrat (or independent who leans Democrat)","Neutral or undecided","No","Pop",2,25,"Life Sciences",2,2,8,"No",NA,NA,0,2,5,6
"App on my hone or laptop",74,"No","Missouri","Male","Democrat (or independent who leans Democrat)","Opposed to the use of the death penalty","Yes","Rock",2,0,"International Studies",6,3,7,"Yes",8,10,0,2,1,8
"iClicker",70,"Yes","Texas","Male","Republican (or independent who leans Republican)","Support the use of the death penalty","No","Country",0,200,"Business (Marriott School of Business)",1,2,7,"No",NA,NA,10,15,15,8
"App on my hone or laptop",66,"No","Idaho","Female","Republican (or independent who leans Republican)","Neutral or undecided","No","Pop",0,117,"Family, Home and Social Sciences",1,7,7,"No",NA,NA,0,0,2,8
"App on my hone or laptop",63,"No","Tennessee","Female","Republican (or independent who leans Republican)","Neutral or undecided","No","Rock",2,46,"Education",2,3,7,"No",NA,NA,0,2,2,7
"App on my hone or laptop",74,"Yes","Texas","Male","Republican (or independent who leans Republican)","Support the use of the death penalty","No","Rock",2,200,"Business (Marriott School of Business)",3,3,9,"Yes",2,10,2,2,2,7
"iClicker",65,"No","Utah","Female","Republican (or independent who leans Republican)","Support the use of the death penalty","No","Pop",0,80,"Family, Home and Social Sciences",6,4,7,"No",NA,NA,0,6,2,8
"iClicker",66,"No","Kansas","Female","Democrat (or independent who leans Democrat)","Neutral or undecided","No","Pop",1,0,"Life Sciences",9.5,3,6,"Yes",8,4,1,2,1,8
"iClicker",67,"No","Arizona","Female","Republican (or independent who leans Republican)","Support the use of the death penalty","No","Pop",0,120,"Family, Home and Social Sciences",2,4,8,"No",NA,NA,1,3,2,9
"iClicker",68,"No","Utah","Female","Republican (or independent who leans Republican)","Opposed to the use of the death penalty","No","Rap/Hip Hop",0,NA,"Life Sciences",2,5,7,"No",NA,NA,0,1,5,8
"App on my hone or laptop",65,"No","California","Female","Independent (no leanings)","Neutral or undecided","No","Pop",2,160,"Education",2,4,8,"No",NA,NA,0,3,4,6
"iClicker",66,"No","Utah","Female","Republican (or independent who leans Republican)","Neutral or undecided","Yes","Pop",0,180,"Business (Marriott School of Business)",5,4,7,"No",NA,NA,0,0,3,8
"iClicker",60,"No","Utah","Female","Independent (no leanings)","Opposed to the use of the death penalty","No","Pop",0,60,"Education",2.5,4,7,"No",NA,NA,1,3,2,7.5
"iClicker",73,"No","Oklahoma","Male","Republican (or independent who leans Republican)","Neutral or undecided","No","Classical",0,75.5,"Life Sciences",2,3,5,"No",NA,NA,0.25,0.5,1,7.5
"iClicker",67,"Yes","Texas","Female","Independent (no leanings)","Support the use of the death penalty","No","Rock",0,0,"Life Sciences",7.5,4,5,"No",NA,NA,0,0.5,1,6
"iClicker",67,"No","Idaho","Female","Democrat (or independent who leans Democrat)","Neutral or undecided","No","Rap/Hip Hop",0,0,"Family, Home and Social Sciences",5,4,7,"No",NA,NA,0,5,12,6
"App on my hone or laptop",62,"No","Arizona","Female","Other","Neutral or undecided","No","Pop",0,0,"Fine Arts and Communications",10,5,6,"Yes",0,2,0,5,2,8
"App on my hone or laptop",63,"No","Other","Female","Other","Neutral or undecided",NA,"Country",0,200,"Physical and Mathematical Sciences",0,3,6,"Yes",36,1,0,1,3,8
"App on my hone or laptop",72,"No","New Mexico","Male","Republican (or independent who leans Republican)","Support the use of the death penalty","No","Electronic/EDM",0,20,"Physical and Mathematical Sciences",2,5,10,"No",NA,NA,0,1,1,7
"iClicker",70,"No","Arizona","Male","Republican (or independent who leans Republican)","Support the use of the death penalty","No","Rap/Hip Hop",5,70,"Life Sciences",5.5,4,7,"No",NA,NA,0.25,1,1,7
"iClicker",72,"No","Virginia","Male","Republican (or independent who leans Republican)","Opposed to the use of the death penalty","No","Pop",1,NA,"Family, Home and Social Sciences",4,3,9,"No",NA,NA,0,1,3,8
"iClicker",62,"No","Oklahoma","Female","Republican (or independent who leans Republican)","Neutral or undecided","No","Country",0,20,"Life Sciences",2,5,7,"No",NA,NA,0,1,1,7
"App on my hone or laptop",63,"No","Nevada","Female","Republican (or independent who leans Republican)","Neutral or undecided","Yes","Pop",0,40,"Nursing",3.5,5,2,"No",NA,NA,0,2,10,7
"App on my hone or laptop",72,"No","Utah","Male","Republican (or independent who leans Republican)","Opposed to the use of the death penalty","No","Rock",0,0,"Physical and Mathematical Sciences",2,5,5,"No",NA,NA,6,8,20,6
"iClicker",67,"No","Other","Female","Republican (or independent who leans Republican)","Opposed to the use of the death penalty","No","Jazz",1,0,"Family, Home and Social Sciences",4.5,4,5,"No",NA,NA,0,10,2,28
"App on my hone or laptop",74,"No","Other","Male","Democrat (or independent who leans Democrat)","Neutral or undecided","No","Rap/Hip Hop",2,200,"Family, Home and Social Sciences",4.5,3,8,"No",NA,NA,8,10,20,8
"iClicker",69,"No","Michigan","Female","Republican (or independent who leans Republican)","Neutral or undecided","Yes","Pop",0,85,"Life Sciences",8,3,6,"No",NA,NA,0,2,1,8
"App on my hone or laptop",72,"No","Montana","Male","Republican (or independent who leans Republican)","Neutral or undecided","No","Rap/Hip Hop",2,150,"Life Sciences",4,5,6,"No",NA,NA,0,1,2,8
"App on my hone or laptop",63,"Yes","Texas","Female","Republican (or independent who leans Republican)","Opposed to the use of the death penalty","Yes","Pop",0,0,"Life Sciences",4.5,4,8,"No",NA,NA,0,3,2,8
"App on my hone or laptop",70,"No","California","Female","Republican (or independent who leans Republican)","Neutral or undecided","Yes","Classical",3,150,"Nursing",5.5,5,8,"No",NA,NA,0.5,3,2,7
"App on my hone or laptop",60,"No","Utah","Female","Democrat (or independent who leans Democrat)","Neutral or undecided","No","Pop",0,0,"Undeclared/Other",2.5,3,8,"No",NA,NA,0,2,2,6
"iClicker",69,"No","California","Female","Republican (or independent who leans Republican)","Neutral or undecided","No","Country",6,200,"Education",9,5,7,"No",NA,NA,0,2,3,7
"App on my hone or laptop",70,"No","Maryland","Male","Republican (or independent who leans Republican)","Support the use of the death penalty","No","Rock",0,25,"Undeclared/Other",4.5,3,6,"No",NA,NA,20,3.5,5,6.5
"iClicker",64,"No","Nevada","Female","Republican (or independent who leans Republican)","Neutral or undecided","No","Pop",0,14.99,"Life Sciences",2,8,8,"No",NA,NA,0,4,0,8
"App on my hone or laptop",70,"No","California","Female","Independent (no leanings)","Neutral or undecided","Yes","Rock",0,100,"Family, Home and Social Sciences",8,NA,7,"No",NA,NA,0,3,3,6
"App on my hone or laptop",71,"No","Utah","Female","Independent (no leanings)","Neutral or undecided","No","Rap/Hip Hop",7,200,"Nursing",3,5,8,"No",NA,NA,0,6,7,8
"App on my hone or laptop",70,"No","Idaho","Male","Independent (no leanings)","Neutral or undecided","No","Rap/Hip Hop",15,75,"Life Sciences",8,4,7,"Yes",5,4,0.1,1,1,7
"App on my hone or laptop",70,"No","California","Female","Independent (no leanings)","Opposed to the use of the death penalty","Yes","Rock",0,100,"Family, Home and Social Sciences",8,3,7,"No",NA,NA,0,3,3,6
"App on my hone or laptop",68,"No","Utah","Female","Independent (no leanings)","Neutral or undecided","No","Pop",2,20,"Fine Arts and Communications",8,4,8,"Yes",8,5,1.5,3,1,7
"iClicker",72,"Yes","Other","Male","Independent (no leanings)","Support the use of the death penalty","No","Pop",0,0,"Life Sciences",3.5,4,8,"No",NA,NA,2,3,1,4
"App on my hone or laptop",74,"No","Utah","Male","Republican (or independent who leans Republican)","Support the use of the death penalty","Yes","Rock",20,0,"Physical and Mathematical Sciences",12,6,6,"Yes",6,4,0.5,1,0.5,5
"App on my hone or laptop",67,"No","Utah","Female","Independent (no leanings)","Neutral or undecided","Yes","Classical",0,0,"Fine Arts and Communications",8,6,7,"No",NA,NA,0,6,4,6
"App on my hone or laptop",61,"No","Utah","Female","Republican (or independent who leans Republican)","Opposed to the use of the death penalty","No","Pop",0,0,"Fine Arts and Communications",2,3,8,"No",NA,NA,0.75,1,1,8
"App on my hone or laptop",66,"No","Arizona","Female","Other","Opposed to the use of the death penalty","No","Rock",7,300,"Fine Arts and Communications",8,0,9,"No",NA,NA,0,4,4,35
"iClicker",68,"No","Utah","Male","Republican (or independent who leans Republican)","Support the use of the death penalty","Yes","Classical",3,50,"Humanities",4,3,8,"Yes",24,4,28,10,3,7
"App on my hone or laptop",71,"No","California","Male","Republican (or independent who leans Republican)","Support the use of the death penalty","Yes","Country",5,0,"Business (Marriott School of Business)",1.5,5,8,"No",NA,NA,1,1,1,7
"iClicker",65,"No","Utah","Female","Republican (or independent who leans Republican)","Opposed to the use of the death penalty","No","Classical",0,0,"Family, Home and Social Sciences",4,4,8,"Yes",8,3,0,1,1,7
"App on my hone or laptop",72,"No","Utah","Male","Republican (or independent who leans Republican)","Opposed to the use of the death penalty","Yes","Country",1,80,"Life Sciences",7,4,9,"No",NA,NA,0,2,1,8
"iClicker",70,"Yes","Texas","Male","Republican (or independent who leans Republican)","Support the use of the death penalty","No","Country",0,100,"Business (Marriott School of Business)",2,2,7,"No",NA,NA,10,15,20,8
"iClicker",70,"No","Arizona","Male","Republican (or independent who leans Republican)","Support the use of the death penalty","No","Rap/Hip Hop",6,70,"Life Sciences",5.5,4,7,"No",NA,NA,0.5,1,1,7
"App on my hone or laptop",63,"No","California","Female","Independent (no leanings)","Support the use of the death penalty","No","Pop",2,25,"Life Sciences",2,3,6,"No",NA,NA,0,10,2,7
"iClicker",62,"No","Oklahoma","Female","Republican (or independent who leans Republican)","Neutral or undecided","No","Country",0,30,"Life Sciences",1,5,7,"No",NA,NA,0,1,1,7
"App on my hone or laptop",72,"No","Utah","Male","Republican (or independent who leans Republican)","Support the use of the death penalty","No","Pop",0,200,"Business (Marriott School of Business)",2,5,10,"No",NA,NA,0,0.5,2,7
"iClicker",63,"No","Other","Female","Democrat (or independent who leans Democrat)","Support the use of the death penalty","No","Pop",3,25,"Life Sciences",2,3,8,"No",NA,NA,0,3,5,7
"App on my hone or laptop",70,"No","Utah","Female","Republican (or independent who leans Republican)","Support the use of the death penalty","Yes","Country",0,60,"Education",6,6,9,"No",NA,NA,0,4,3,7
"iClicker",63,"No","California","Female","Independent (no leanings)","Support the use of the death penalty","No","Rock",4,90,"Nursing",4.5,5,9,"No",NA,NA,2,2,1,7
"App on my hone or laptop",66,"No","Washington","Female","Republican (or independent who leans Republican)","Neutral or undecided","No","Pop",0,50,"Humanities",6,3,8,"No",NA,NA,0,1,1,6
"iClicker",68,"No","Utah","Female","Republican (or independent who leans Republican)","Neutral or undecided","No","Pop",1,15,"Nursing",4,5,7,"No",NA,NA,0,2,1,8
"App on my hone or laptop",69,"No","Indiana","Female","Republican (or independent who leans Republican)","Neutral or undecided","Yes","Pop",0,75,"Undeclared/Other",1,6,8,"No",NA,NA,0,1,0,7
"iClicker",65,"No","Utah","Female","Independent (no leanings)","Neutral or undecided","No","Rock",1,60,"Education",2,4,7,"No",NA,NA,0,1,2,8
"iClicker",64,"No","Utah","Female","Republican (or independent who leans Republican)","Opposed to the use of the death penalty","No","Country",0,20,"Life Sciences",5,6,NA,"No",NA,NA,0,2,2,7
"App on my hone or laptop",67,"No","Washington","Female","Republican (or independent who leans Republican)","Opposed to the use of the death penalty","Yes","Pop",2,100,"Nursing",3,5,7,"No",NA,NA,0,1,3,6
"App on my hone or laptop",72,"No","Utah","Male","Independent (no leanings)","Neutral or undecided","Yes","Classical",0,100,"Life Sciences",3,3,7,"No",NA,NA,0.5,0.5,2,7
"iClicker",36,"No","Pennsylvania","Female","Independent (no leanings)","Opposed to the use of the death penalty","No","Pop",0,40,"Undeclared/Other",2,5,7,"No",6,NA,0,1,3,37
"iClicker",76,"No","Other","Male","Republican (or independent who leans Republican)","Neutral or undecided","Yes","Pop",1,35,"Life Sciences",6,7,8,"Yes",6,4,1,2,2,6.5
"iClicker",67,"No","Utah","Female","Republican (or independent who leans Republican)","Support the use of the death penalty","No","Pop",0,190,"Family, Home and Social Sciences",7,4,7,"No",NA,NA,0,2,5,6
"iClicker",67,"No","Michigan","Female","Republican (or independent who leans Republican)","Support the use of the death penalty","Yes","Country",1,40,"Business (Marriott School of Business)",3,3,8,"No",NA,NA,0,2,2,6
"App on my hone or laptop",66,"No","Colorado","Female","Republican (or independent who leans Republican)","Neutral or undecided","Yes","Country",1,30,"Education",8,4,9,"No",NA,NA,0,2,1,8
"App on my hone or laptop",72,"No","Utah","Male","Republican (or independent who leans Republican)","Support the use of the death penalty","No","Pop",0,80,"Business (Marriott School of Business)",4,7,9,"No",NA,NA,0,1,1,7
"iClicker",70,"No","New Mexico","Male","Republican (or independent who leans Republican)","Support the use of the death penalty","Yes","Rock",1,0,"Business (Marriott School of Business)",5.5,4,6,"No",NA,NA,0,3,1.5,7.5
"iClicker",66,"No","Alaska","Male","Independent (no leanings)","Neutral or undecided","Yes","Rock",0,70,"Physical and Mathematical Sciences",5,3,8,"No",NA,NA,0,2,2,7
"App on my hone or laptop",68,"No","California","Male","Republican (or independent who leans Republican)","Neutral or undecided","No","Rap/Hip Hop",0,0,"Business (Marriott School of Business)",6,3,9,"No",NA,NA,0,2,10,7
"App on my hone or laptop",64,"Yes","Idaho","Female","Independent (no leanings)","Neutral or undecided","No","Jazz",0,15,"Undeclared/Other",2.5,4,4,"No",NA,NA,0,6,2,7
"iClicker",67,"No","Utah","Female","Republican (or independent who leans Republican)","Neutral or undecided","No","Pop",0,0,"Family, Home and Social Sciences",3,4,9,"No",NA,NA,0,2,2,7
"App on my hone or laptop",65,"No","Connecticut","Female","Independent (no leanings)","Neutral or undecided","No","Rock",2,0,"Life Sciences",8,4,8,"No",NA,NA,0,4,1,7.5
"iClicker",71,"No","New Jersey",NA,"Republican (or independent who leans Republican)","Support the use of the death penalty","No","Jazz",7,50,"Business (Marriott School of Business)",4,5,7,"No",NA,NA,0,1,3,7
"App on my hone or laptop",62,"No","Colorado","Female","Other","Support the use of the death penalty","No","Rock",1,300,"Family, Home and Social Sciences",2,3,7,"No",NA,NA,5,5,12,8
"App on my hone or laptop",62,"No","Other","Female","Other","Neutral or undecided","No","Country",0,50,"Physical and Mathematical Sciences",0,3,6,"Yes",36,1,0,2,4,8
"App on my hone or laptop",64,"No","Utah","Female","Independent (no leanings)","Neutral or undecided","No","Pop",4,0,"Nursing",4,4,8,"No",NA,NA,0,3,3,7
"iClicker",66,"No","Utah","Female","Republican (or independent who leans Republican)","Neutral or undecided","Yes","Pop",0,150,"Business (Marriott School of Business)",5,4,6,"No",NA,NA,0,0,2,7
"App on my hone or laptop",68,"No","Kansas","Female","Independent (no leanings)","Opposed to the use of the death penalty","No",NA,0,0,"Physical and Mathematical Sciences",3,3,5,"No",NA,NA,0,7,0,7
"iClicker",67,"No","Montana","Female","Republican (or independent who leans Republican)","Neutral or undecided","No","Pop",0,150,"Life Sciences",2,9,9,"No",NA,NA,0,0.5,1,8
"App on my hone or laptop",66,"No","Utah","Male","Republican (or independent who leans Republican)","Support the use of the death penalty","No","Rock",1,100,"Life Sciences",2,4,8,"No",NA,NA,0,2,1,8
"App on my hone or laptop",65,"No","Maryland","Female","Democrat (or independent who leans Democrat)","Opposed to the use of the death penalty","No","Pop",0,200,"Fine Arts and Communications",6,2,7,"No",NA,NA,2,6,10,7
"App on my hone or laptop",70,"No","Colorado","Female","Democrat (or independent who leans Democrat)","Opposed to the use of the death penalty","No","Pop",0,150,"Family, Home and Social Sciences",3,3,10,"Yes",6,4,0,0.5,1,8
"App on my hone or laptop",69,"No","California","Female","Democrat (or independent who leans Democrat)","Opposed to the use of the death penalty","No","Rap/Hip Hop",0,100,"Life Sciences",2,4,7,"No",NA,NA,0,2,4,6
"iClicker",68,"No","Utah","Male","Independent (no leanings)","Support the use of the death penalty","No","Rock",3,21,"Fine Arts and Communications",6.5,4,7,"Yes",6,4,0,1,1,7
"App on my hone or laptop",67,"No","Utah","Female","Other","Opposed to the use of the death penalty","Yes","Country",0,120,"Fine Arts and Communications",7,6,10,"Yes",12,4,NA,1,1,5
"App on my hone or laptop",66,"No","Utah","Female","Republican (or independent who leans Republican)","Neutral or undecided","No","Jazz",0,120,"Education",9,8,9,"Yes",6,4,0,15,4,8
"App on my hone or laptop",71,"No","Utah","Male","Republican (or independent who leans Republican)","Neutral or undecided","No","Pop",0,0,"Business (Marriott School of Business)",8,4,4,"No",NA,NA,0,0,3,8
"iClicker",66,"No","California","Female","Democrat (or independent who leans Democrat)","Neutral or undecided","No","Rap/Hip Hop",7,200,"Life Sciences",9,4,9,"No",NA,NA,0,5,4,6
"iClicker",NA,"No",NA,"Female","Independent (no leanings)","Opposed to the use of the death penalty","No","Rap/Hip Hop",4,300,"Humanities",4,3,6,"No",NA,NA,0,2,4,7
"App on my hone or laptop",74,"Yes","Utah","Male","Republican (or independent who leans Republican)","Neutral or undecided","No","Rock",0,300,"Business (Marriott School of Business)",4,5,8,"No",NA,NA,0,0.5,1,8
"App on my hone or laptop",64,"No","New Mexico","Female","Democrat (or independent who leans Democrat)","Neutral or undecided","Yes","Country",2,30,"Fine Arts and Communications",5,4,7,"No",NA,NA,0,1,2,7
"iClicker",69,"No","Colorado","Female","Republican (or independent who leans Republican)","Neutral or undecided","No","Pop",1,65,"Humanities",7,4,7,"Yes",6,3,0,1.5,4,7
"App on my hone or laptop",NA,"No","Nevada","Female","Independent (no leanings)","Opposed to the use of the death penalty","Yes","Pop",5,0,"Physical and Mathematical Sciences",2,5,9,"No",NA,NA,0,4,14,4
"App on my hone or laptop",66,"No","Other","Female","Democrat (or independent who leans Democrat)","Opposed to the use of the death penalty","Yes","Rock",5,150,"Fine Arts and Communications",7,4,8,"Yes",2,11,0,3,5,8
"iClicker",66,"No","Utah","Female","Democrat (or independent who leans Democrat)","Opposed to the use of the death penalty","Yes","Country",1,55,"Nursing",6,8,7,"Yes",4,3,0,0.5,1,8
"iClicker",69,"Yes","Texas","Male","Republican (or independent who leans Republican)","Support the use of the death penalty","Yes","Jazz",1,100,"Fine Arts and Communications",2,3,8,"No",NA,NA,0,2,2,8
"iClicker",66,"No","California","Female","Republican (or independent who leans Republican)","Opposed to the use of the death penalty","No","Country",0,200,"Family, Home and Social Sciences",5,7,10,"No",NA,NA,0,0.5,4,7
"App on my hone or laptop",72,"No","Georgia","Male","Other","Neutral or undecided","No","Rap/Hip Hop",0,0,"Family, Home and Social Sciences",3,4,8,"Yes",6,3,0,2,1,6
"App on my hone or laptop",63,"No","Pennsylvania","Female","Democrat (or independent who leans Democrat)","Neutral or undecided","No","Electronic/EDM",2,250,"Family, Home and Social Sciences",6,0,8,"No",NA,NA,1,3,2,7
"App on my hone or laptop",74,"No","California","Female","Republican (or independent who leans Republican)","Opposed to the use of the death penalty","No","Pop",0,6,"Life Sciences",2,5,8,"No",NA,NA,0,0.5,1.5,6
"iClicker",74,"Yes","Texas","Male","Republican (or independent who leans Republican)","Opposed to the use of the death penalty","No","Electronic/EDM",0,46,"Life Sciences",4,6,8,"No",NA,NA,5,2,5,7
"App on my hone or laptop",60,"No","Tennessee","Female","Democrat (or independent who leans Democrat)","Opposed to the use of the death penalty","No","Jazz",0,25,"Undeclared/Other",9,4,7,"No",NA,NA,0,0,3,7
"iClicker",63,"No","Arizona","Female","Republican (or independent who leans Republican)","Neutral or undecided","No","Pop",0,90,"Nursing",2,4,10,"No",NA,NA,0,2,1,6.5
"iClicker",NA,"No","Hawaii","Female","Independent (no leanings)","Neutral or undecided","No","Rock",0,25,"Fine Arts and Communications",4,4,7,"No",NA,NA,0,2,2,7
"App on my hone or laptop",64,"No","Other","Female","Independent (no leanings)","Neutral or undecided","No","Pop",0,200,"Life Sciences",2.5,4,8,"No",NA,NA,0,1,0.5,8
"App on my hone or laptop",72,"Yes","Texas","Male","Republican (or independent who leans Republican)","Support the use of the death penalty","Yes","Rock",2,50,"Physical and Mathematical Sciences",6.5,4,7,"No",NA,NA,3,1,1,7
"iClicker",66,"No","Washington","Female","Democrat (or independent who leans Democrat)","Opposed to the use of the death penalty","Yes","Rock",0,162.99,"Nursing",6,5,8,"No",NA,NA,0,0.25,3,8
"App on my hone or laptop",69,"No","California","Female","Democrat (or independent who leans Democrat)","Opposed to the use of the death penalty","No","Rap/Hip Hop",0,100,"Life Sciences",2,4,7,"No",NA,NA,0,2,4,6
"iClicker",71,"No","Idaho","Male","Republican (or independent who leans Republican)","Support the use of the death penalty","Yes","Country",1,180,"Life Sciences",8,4,7,"Yes",9,4,0,1,1,6
"iClicker",71,"No","Massachusetts","Male","Republican (or independent who leans Republican)","Neutral or undecided","Yes","Jazz",0,20,"Family, Home and Social Sciences",2.5,7,7,"No",NA,NA,0,1.5,1.5,5.5
"iClicker",65,"No","Utah","Female","Democrat (or independent who leans Democrat)","Neutral or undecided","No","Pop",0,25,"Fine Arts and Communications",10,2,7,"No",NA,NA,0,3,3,6
"iClicker",73,"No","Idaho","Male","Republican (or independent who leans Republican)","Neutral or undecided","No","Rock",0,0,"Humanities",6,4,7,"Yes",11,2,1,2,2,7
"App on my hone or laptop",72,"No","Utah","Male","Independent (no leanings)","Neutral or undecided","No","Rock",2,0,"Family, Home and Social Sciences",6,5,7,"No",NA,NA,2,8,3,7
"iClicker",63,"No","Colorado","Female","Republican (or independent who leans Republican)","Opposed to the use of the death penalty","Yes","Rock",0,60,"Life Sciences",6,2,8,"No",NA,NA,0,2,2,8
"App on my hone or laptop",65,"No","Wisconsin","Female","Republican (or independent who leans Republican)","Opposed to the use of the death penalty","No","Pop",0,60,"Family, Home and Social Sciences",0,5,9,"No",NA,NA,0,3,10,38
"iClicker",NA,"No","Washington","Male","Republican (or independent who leans Republican)","Neutral or undecided","Yes","Pop",0,0,"Life Sciences",6,4,8,"Yes",3,3,0,2,2,7
"iClicker",69,"No","Utah","Female","Republican (or independent who leans Republican)","Neutral or undecided","No","Pop",0,20,"Business (Marriott School of Business)",6,4,9,"No",NA,NA,0,7,5,8
"App on my hone or laptop",68,"No","Utah","Female","Republican (or independent who leans Republican)","Neutral or undecided","Yes","Rap/Hip Hop",0,0,"International Studies",4,3,8,"No",NA,NA,0,20,15,52
"App on my hone or laptop",66,"No","Utah","Female","Independent (no leanings)","Neutral or undecided","No","Rock",3,300,"Fine Arts and Communications",9.5,4,7,"No",NA,NA,0.5,4,4,5
"iClicker",60,"Yes","Texas","Female","Independent (no leanings)","Neutral or undecided","No","Pop",0,14.5,"Life Sciences",5,2,7,"No",NA,NA,0,1,0.1,6
"App on my hone or laptop",69,"No","Virginia","Male","Independent (no leanings)","Neutral or undecided","No","Classical",1,50,"Physical and Mathematical Sciences",7,0,8,"No",NA,NA,3,0,7,10
"App on my hone or laptop",66,"No","Florida","Male","Other","Support the use of the death penalty","No","Jazz",7,400,"Family, Home and Social Sciences",6,1,4,"No",18,NA,0,24,48,0
"App on my hone or laptop",70,"No","California","Female","Republican (or independent who leans Republican)","Opposed to the use of the death penalty","No","Rock",0,0,"Life Sciences",6.5,4,5,"Yes",6,4,0,3,3,8
"iClicker",66,"No","Utah","Female","Independent (no leanings)","Support the use of the death penalty","No","Country",0,50,"Family, Home and Social Sciences",7,5,8,"No",NA,NA,0,2,1,7
"iClicker",67,"No","Virginia","Female","Independent (no leanings)","Support the use of the death penalty","No","Rock",2,0,"Fine Arts and Communications",3,3,7,"No",NA,NA,0,12,12,49
"iClicker",64,"No","Arizona","Female","Republican (or independent who leans Republican)","Neutral or undecided","No","Country",0,105,"Physical and Mathematical Sciences",2.5,3,8,"No",NA,NA,0,7,2,5
"iClicker",66,"No","Utah","Female","Independent (no leanings)","Neutral or undecided","No","Country",0,97,"Family, Home and Social Sciences",5,5,8,"No",NA,NA,0.25,6.5,7,7
"iClicker",62,"No","Arizona","Female","Republican (or independent who leans Republican)","Support the use of the death penalty","No","Jazz",0,50,"Education",2,4,9,"No",NA,NA,0,4,5,7
"iClicker",68,"No","Utah","Male","Independent (no leanings)","Support the use of the death penalty","Yes","Classical",0,125,"Physical and Mathematical Sciences",6,5,9,"Yes",18,18,0,6,9,7
"App on my hone or laptop",71,"No","Arizona","Male","Republican (or independent who leans Republican)","Neutral or undecided","No","Country",0,60,"Life Sciences",3,4,8,"No",NA,NA,0,10,8,7
"App on my hone or laptop",63,"No","Utah","Female","Republican (or independent who leans Republican)","Support the use of the death penalty","No","Pop",1,100,"Business (Marriott School of Business)",9,4,9,"No",NA,NA,0,10,10,7
"App on my hone or laptop",67,"No","Nevada","Female","Republican (or independent who leans Republican)","Neutral or undecided","No","Pop",1,200,"Family, Home and Social Sciences",2,4,10,"No",NA,NA,0,0,3,7
"App on my hone or laptop",NA,"No","Ohio","Female",NA,"Support the use of the death penalty","No","Pop",5,133,"Fine Arts and Communications",5,5,7,"No",NA,NA,0,2,5,7
"iClicker",75,"No","California","Male","Republican (or independent who leans Republican)","Neutral or undecided","Yes","Rap/Hip Hop",0,0,"Business (Marriott School of Business)",10,4,8,"No",NA,NA,0,1,1,5
"iClicker",74,"No","Florida","Male","Republican (or independent who leans Republican)","Support the use of the death penalty","Yes","Rap/Hip Hop",0,200,"Business (Marriott School of Business)",3,3,7,"No",NA,NA,0,0,1,8
"App on my hone or laptop",75,"No","Utah",NA,"Republican (or independent who leans Republican)","Support the use of the death penalty","Yes","Electronic/EDM",7,50,"Business (Marriott School of Business)",6,6,8,"No",NA,NA,12,2,0.5,7
"iClicker",73,"No","Iowa","Male","Republican (or independent who leans Republican)","Neutral or undecided","Yes","Rap/Hip Hop",6,250,"Engineering",8,3,9,"Yes",11,3,1,2,2,7
"App on my hone or laptop",75,"No","Utah","Male","Republican (or independent who leans Republican)","Neutral or undecided","Yes","Electronic/EDM",1,70,"Business (Marriott School of Business)",2,6,8,"No",NA,NA,0,4,4,6.5
"iClicker",67,"No","Utah","Female","Republican (or independent who leans Republican)","Support the use of the death penalty","No","Pop",0,45,"Education",7,4,8,"No",NA,NA,0,NA,NA,7
"App on my hone or laptop",68,"No","Utah","Female","Republican (or independent who leans Republican)","Support the use of the death penalty","No","Jazz",0,180,"Fine Arts and Communications",8,0,7,"No",NA,NA,0,4,3,8
"App on my hone or laptop",65,"No","Alabama","Female","Republican (or independent who leans Republican)","Neutral or undecided","No","Pop",0,100,"Education",2,4,9,"No",NA,NA,0,5,1.5,7
"iClicker",65,"No","Utah","Female","Republican (or independent who leans Republican)","Opposed to the use of the death penalty","No","Classical",0,0,"Family, Home and Social Sciences",4,4,8,"Yes",8,3,0,1,1,7
"App on my hone or laptop",60,"No","Utah","Female","Republican (or independent who leans Republican)","Opposed to the use of the death penalty","No","Pop",0,0,"Physical and Mathematical Sciences",5.5,4,7,"No",NA,NA,0,0,0,6
"iClicker",63,"No","Utah","Female","Republican (or independent who leans Republican)","Neutral or undecided","No","Rock",0,70,"Family, Home and Social Sciences",4,4,9,"No",NA,NA,0,3,10,10
"iClicker",60,"No","Washington","Female","Republican (or independent who leans Republican)","Support the use of the death penalty","No","Rock",5,50,"Life Sciences",5,5,4,"No",NA,NA,0,2,2,5
"App on my hone or laptop",68,"No","North Carolina","Female","Independent (no leanings)","Support the use of the death penalty","No","Rock",1,100,"Life Sciences",8.5,4,6,"No",NA,NA,0.5,0,3,8
"App on my hone or laptop",72,"No","Utah","Male","Democrat (or independent who leans Democrat)","Support the use of the death penalty","Yes","Rap/Hip Hop",12,140,"Family, Home and Social Sciences",9,0,9,"Yes",5,3,0.5,0.5,0.5,6
"App on my hone or laptop",73,"No","Colorado","Male","Democrat (or independent who leans Democrat)","Neutral or undecided","Yes","Rock",14,NA,"Fine Arts and Communications",8,1,5,"Yes",1,3,0,1,0,9
"iClicker",66,"No","Other","Male","Independent (no leanings)","Neutral or undecided","No","Pop",3,30,"Engineering",6,4,8,"Yes",4,1,0,4,6,7
"iClicker",67,"No","Utah","Female","Independent (no leanings)","Neutral or undecided","No","Pop",0,25,"Nursing",2,4,7,"No",NA,NA,0,5,1,7
"App on my hone or laptop",62,"No","Maryland","Female","Other","Neutral or undecided","No","Rock",0,NA,"Family, Home and Social Sciences",4.5,0,5,"No",NA,NA,0,0,3,7
"App on my hone or laptop",71,"No","Utah","Female","Independent (no leanings)","Neutral or undecided","Yes","Pop",0.5,132,"Life Sciences",10,0,7,"Yes",7,11,0.25,1,0.25,7
"iClicker",74,"No","Other","Male","Republican (or independent who leans Republican)","Support the use of the death penalty","Yes","Country",1,40,"Undeclared/Other",5,6,9,"Yes",6,3,0,1,2,7
"App on my hone or laptop",65,"No","Utah","Female","Republican (or independent who leans Republican)","Neutral or undecided","No","Classical",0,30,"Family, Home and Social Sciences",10,4,10,"Yes",6,4,0,2,1,7
"App on my hone or laptop",64,"No","North Carolina","Female","Republican (or independent who leans Republican)","Neutral or undecided","No","Rock",0,200,"Undeclared/Other",2,6,7,"No",NA,NA,0,2,4,7
"App on my hone or laptop",72,"No","Utah","Male","Republican (or independent who leans Republican)","Opposed to the use of the death penalty","Yes","Electronic/EDM",1,45,"Business (Marriott School of Business)",2,5,9,"No",NA,NA,0.5,1,1.5,8
"iClicker",75,"No","California","Male","Republican (or independent who leans Republican)","Neutral or undecided","Yes","Pop",1,105,"Physical and Mathematical Sciences",2,4,9,"No",NA,NA,0,1,3,7
"iClicker",64,"No","Utah","Female","Independent (no leanings)","Neutral or undecided","No","Rock",0,38,"Undeclared/Other",2,4,7,"No",NA,NA,0,1.5,0.5,6.5
"App on my hone or laptop",71,"No","Utah","Male","Republican (or independent who leans Republican)","Support the use of the death penalty","No","Pop",3,100,"Physical and Mathematical Sciences",2,4,8,"No",NA,NA,1,2,3,6
"App on my hone or laptop",70,"No","Utah","Female","Republican (or independent who leans Republican)","Support the use of the death penalty","No","Pop",2,40,"Family, Home and Social Sciences",5,5,9,"Yes",5,2,2,17,2,6
"iClicker",71,"No","Nevada","Male","Republican (or independent who leans Republican)","Neutral or undecided","No","Rap/Hip Hop",10,0,"Life Sciences",8,5,6,"Yes",6,4,3,1,1,6
"App on my hone or laptop",72,"No","Arizona","Male","Republican (or independent who leans Republican)","Support the use of the death penalty","No","Rock",0,100,"Family, Home and Social Sciences",9,4,10,"Yes",6,4,0.5,1,2,8
"iClicker",71,"No","Kentucky","Female","Republican (or independent who leans Republican)","Opposed to the use of the death penalty","No","Rap/Hip Hop",4,290,"Life Sciences",4.5,4,8,"No",NA,NA,0,2,1,7
"App on my hone or laptop",68,"No","Kentucky","Female","Democrat (or independent who leans Democrat)","Opposed to the use of the death penalty","No","Rap/Hip Hop",5,300,"Family, Home and Social Sciences",5,3,2,"No",NA,NA,0,3,1,7
"iClicker",72,"No","Virginia","Male","Republican (or independent who leans Republican)","Opposed to the use of the death penalty","No","Pop",1,50,"Humanities",4,3,9,"No",NA,NA,0,2,3,7
"App on my hone or laptop",68,"No","Minnesota","Male","Republican (or independent who leans Republican)","Support the use of the death penalty","Yes","Pop",2,186.25,"Family, Home and Social Sciences",11,0,8,"No",NA,NA,0,1,2,4
"App on my hone or laptop",74,"No","Indiana","Male","Independent (no leanings)","Neutral or undecided","Yes","Rap/Hip Hop",0,60,"Life Sciences",3,4,8,"Yes",13,4,0,0,0,7
"App on my hone or laptop",69,"No","Iowa","Male","Republican (or independent who leans Republican)","Support the use of the death penalty","Yes","Rock",2,40,"Business (Marriott School of Business)",6,4,8,"Yes",15,3,0.25,1,0.1,7.5
"App on my hone or laptop",68,"No","Tennessee","Male","Independent (no leanings)","Neutral or undecided","No","Electronic/EDM",1,60,"Fine Arts and Communications",9.5,4,7,"Yes",7,3,1,0,2,7
"App on my hone or laptop",71,"No","California","Male","Republican (or independent who leans Republican)","Support the use of the death penalty","No","Rap/Hip Hop",3,120,"Business (Marriott School of Business)",4,5,9,"No",NA,NA,2,3,4,5
"App on my hone or laptop",65,"No","Oregon","Female","Democrat (or independent who leans Democrat)","Opposed to the use of the death penalty","No","Rock",1,70,"Fine Arts and Communications",9,3,6,"No",NA,NA,1,4,6,7
"App on my hone or laptop",70,"No","New Jersey","Male","Republican (or independent who leans Republican)","Support the use of the death penalty","No","Rap/Hip Hop",3,150,"Business (Marriott School of Business)",2,4,10,"No",NA,NA,0,4,6,6
"App on my hone or laptop",72,"No","Washington","Male","Republican (or independent who leans Republican)","Support the use of the death penalty","Yes","Country",3,25,"Life Sciences",7,5,8,"Yes",12,4,0,2,2,8
"App on my hone or laptop",66,"Yes","Other","Male","Republican (or independent who leans Republican)","Neutral or undecided","No","Country",0,100,"Undeclared/Other",1,2,8,"No",NA,NA,0,3,1,8
"App on my hone or laptop",73,"No","California","Male","Independent (no leanings)","Neutral or undecided","No","Pop",5,20,"International Studies",8,5,9,"Yes",16,4,0,2,1,7
"App on my hone or laptop",64,"No","North Carolina","Female","Independent (no leanings)","Support the use of the death penalty","Yes","Pop",12,NA,"Life Sciences",6,4,6,"No",NA,NA,0,2,3,6
"iClicker",73,"No","Idaho","Male","Republican (or independent who leans Republican)","Neutral or undecided","No","Rock",0,40,"Humanities",8,4,9,"Yes",11,2,2,1,2,7
"App on my hone or laptop",62,"No","Tennessee","Female","Other","Neutral or undecided","No","Pop",0,0,"Physical and Mathematical Sciences",0,4,9,"No",NA,NA,0,3,0.5,8
"iClicker",60,"No","Utah","Female","Independent (no leanings)","Opposed to the use of the death penalty","No","Pop",0,95,"Education",2.5,4,5,"No",NA,NA,1,2,2,7.5
"iClicker",61,"No","Tennessee","Male","Democrat (or independent who leans Democrat)","Opposed to the use of the death penalty","No","Rock",0,30,"Undeclared/Other",1,3,8,"Yes",9,3,0,1,4,7.5
"App on my hone or laptop",64,"No","California","Female","Independent (no leanings)","Support the use of the death penalty","No","Pop",0,280,"Humanities",7,2,10,"No",NA,NA,0,7,2,5
"App on my hone or laptop",65,"No","Other","Female","Independent (no leanings)","Neutral or undecided","No","Pop",0,25,"Business (Marriott School of Business)",4,3,8,"No",NA,NA,0,1,5,6
"iClicker",67,"No","Idaho","Female","Democrat (or independent who leans Democrat)","Opposed to the use of the death penalty","No","Rap/Hip Hop",0,15,"Family, Home and Social Sciences",5,4,7,"No",NA,NA,0,6,6,7
"iClicker",70,"No","New Mexico","Male","Republican (or independent who leans Republican)","Support the use of the death penalty","Yes","Rock",1,0,"Business (Marriott School of Business)",5.5,4,6,"No",NA,NA,0,3,1.5,8
"iClicker",NA,"No","Washington","Male","Republican (or independent who leans Republican)","Neutral or undecided","Yes","Country",2,60,"Life Sciences",6,4,8,"Yes",3,3,0,1,1,7.7
"iClicker",74,"No","California","Male","Independent (no leanings)","Opposed to the use of the death penalty","Yes","Rap/Hip Hop",5,30,"Family, Home and Social Sciences",7,4,5,"No",NA,NA,0,1,3,6
"iClicker",69,"No","Utah","Male","Independent (no leanings)","Opposed to the use of the death penalty","No","Rap/Hip Hop",1,100,"Undeclared/Other",1.5,5,5,"No",NA,NA,0,2,2,8
"App on my hone or laptop",72,"No","Alabama","Male","Republican (or independent who leans Republican)","Support the use of the death penalty","Yes","Classical",3,120,"Undeclared/Other",9.5,3,5,"No",NA,NA,2,2,2,8
